ego_x,ego_y,ego_z,ego_yaw,bbox_center_x,bbox_center_y,bbox_center_z,bbox_width,bbox_length,bbox_height,bbox_yaw,class_ID,class_label
-168445.125,-86042.6953125,12774.3798828125,-100.79108428955078,184.27064514160156,0.044548988342285156,33.341880798339844,2.6125030517578125,2.451767921447754,25.75279426574707,3.085712194442749,0,Antenna
-164525.171875,-129881.3671875,14278.4794921875,46.65750503540039,192.22984313964844,0.0769500732421875,-1.5567102432250977,5.9886322021484375,5.536529541015625,42.354339599609375,-0.5420367121696472,0,Antenna
-164525.171875,-129881.3671875,14278.4794921875,46.65750503540039,111.43418884277344,-18.59112548828125,-23.39495849609375,1.3652572631835938,0.2419281005859375,1.5260467529296875,-2.445443868637085,1,Cable
-153971.078125,-81466.8515625,11939.0205078125,-97.28401184082031,103.88249206542969,0.4917335510253906,24.94056510925293,6.6331787109375,6.167531967163086,45.87698745727539,2.897435426712036,0,Antenna
-153971.078125,-81466.8515625,11939.0205078125,-97.28401184082031,247.65478515625,148.7222900390625,43.78816223144531,2.500396728515625,2.5219573974609375,26.5639705657959,-2.797076940536499,0,Antenna
-149158.46875,-38387.5234375,14950.1162109375,34.17045593261719,121.95991516113281,0.051921844482421875,2.179297924041748,3.4761199951171875,3.8156967163085938,30.983078002929688,-0.9819551706314087,0,Antenna
-149158.46875,-38387.5234375,14950.1162109375,34.17045593261719,164.6252899169922,129.32623291015625,-32.91297912597656,12.329513549804688,7.478202819824219,54.26993179321289,-1.8634827136993408,2,Electric Pole
-146298.328125,-71516.1484375,12660.767578125,34.52610397338867,125.76759338378906,-94.49473571777344,19.283348083496094,17.317672729492188,10.863777160644531,54.60223388671875,1.6485307216644287,0,Antenna
-140508.953125,-29302.34765625,14938.9287109375,-58.1540641784668,26.72629165649414,-0.508516788482666,-0.33637380599975586,5.923727035522461,5.198335647583008,25.905418395996094,-1.3322421312332153,0,Antenna
-140508.953125,-29302.34765625,14938.9287109375,-58.1540641784668,127.70152282714844,-93.44747924804688,-29.760652542114258,1.7594108581542969,0.069549560546875,0.04634857177734375,-1.9454725980758667,1,Cable
-140508.953125,-29302.34765625,14938.9287109375,-58.1540641784668,157.14756774902344,-47.307064056396484,-45.00668716430664,5.0183258056640625,4.0081329345703125,26.23191261291504,-1.375048279762268,2,Electric Pole
-140508.953125,-29302.34765625,14938.9287109375,-58.1540641784668,151.6768035888672,-46.11040496826172,-41.080848693847656,3.6481399536132812,2.64178466796875,29.991060256958008,0.7680177688598633,2,Electric Pole
-140508.953125,-29302.34765625,14938.9287109375,-58.1540641784668,151.3919677734375,-46.913795471191406,-16.622840881347656,8.08160400390625,2.5585880279541016,8.974320411682129,-0.4450620710849762,3,Wind Turbine
-140508.953125,-29302.34765625,14938.9287109375,-58.1540641784668,150.94566345214844,-47.51491165161133,-8.103289604187012,12.22509765625,3.552337646484375,6.0122599601745605,2.6773579120635986,3,Wind Turbine
-131119.5,-24241.548828125,12662.2333984375,-30.525184631347656,118.74210357666016,72.19319915771484,2.231920003890991,2.4312400817871094,0.02577972412109375,0.06489133834838867,1.6844855546951294,1,Cable
-131119.5,-24241.548828125,12662.2333984375,-30.525184631347656,121.53812408447266,-87.22163391113281,4.359935760498047,1.1915435791015625,0.1738433837890625,0.5451173782348633,-1.105099081993103,1,Cable
-131119.5,-24241.548828125,12662.2333984375,-30.525184631347656,114.76946258544922,101.67778778076172,11.987504959106445,2.7220687866210938,0.05511474609375,0.11690616607666016,1.7284191846847534,1,Cable
-131119.5,-24241.548828125,12662.2333984375,-30.525184631347656,105.607177734375,33.878395080566406,-7.473721027374268,2.2263240814208984,0.0318756103515625,0.06922531127929688,-1.4339081048965454,1,Cable
-131119.5,-24241.548828125,12662.2333984375,-30.525184631347656,128.25022888183594,-90.31715393066406,-7.424135208129883,15.266098022460938,8.578834533691406,52.70338821411133,0.0047477842308580875,2,Electric Pole
-131119.5,-24241.548828125,12662.2333984375,-30.525184631347656,138.13131713867188,-88.38349914550781,4.401540756225586,3.6762008666992188,2.6214675903320312,19.966825485229492,1.7369405031204224,2,Electric Pole
-131119.5,-24241.548828125,12662.2333984375,-30.525184631347656,210.1212921142578,-1.7155532836914062,13.610943794250488,9.79766845703125,9.848724365234375,18.50858497619629,-2.387437582015991,3,Wind Turbine
-131119.5,-24241.548828125,12662.2333984375,-30.525184631347656,209.5113067626953,0.21405029296875,-24.229372024536133,8.211112976074219,3.7641754150390625,46.49302291870117,1.0511497259140015,3,Wind Turbine
-128151.3125,-58768.8359375,12032.224609375,31.6767578125,43.64414978027344,-0.02428722381591797,-5.302392959594727,5.560340881347656,4.753109931945801,32.6853141784668,0.31518152356147766,0,Antenna
-128151.3125,-58768.8359375,12032.224609375,31.6767578125,73.81956481933594,-46.120819091796875,-24.456491470336914,1.1254348754882812,0.15253067016601562,1.0147476196289062,2.942446231842041,1,Cable
-128151.3125,-58768.8359375,12032.224609375,31.6767578125,75.32267761230469,-44.631744384765625,-24.99340057373047,1.313873291015625,0.17293930053710938,0.5430374145507812,2.9252874851226807,1,Cable
-128151.3125,-58768.8359375,12032.224609375,31.6767578125,180.62039184570312,73.59884643554688,-42.80249786376953,1.12481689453125,0.5820770263671875,2.00177001953125,-0.418988972902298,1,Cable
-128151.3125,-58768.8359375,12032.224609375,31.6767578125,253.27508544921875,-123.73448181152344,10.116905212402344,16.769241333007812,9.763671875,38.18460464477539,0.6497447490692139,3,Wind Turbine
-128151.3125,-58768.8359375,12032.224609375,31.6767578125,252.03236389160156,-118.53526306152344,-34.358497619628906,12.696334838867188,3.98992919921875,14.815855026245117,-1.2511318922042847,3,Wind Turbine
-128151.3125,-58768.8359375,12032.224609375,31.6767578125,244.2094268798828,-133.86044311523438,28.847469329833984,10.081573486328125,0.8188629150390625,9.480560302734375,0.5448164939880371,3,Wind Turbine
-122197.8359375,-56510.43359375,10000.0,67.17717742919922,131.353759765625,-118.68343353271484,7.405231952667236,10.2208251953125,4.801060676574707,29.464935302734375,-0.7296302914619446,2,Electric Pole
-122197.8359375,-56510.43359375,10000.0,67.17717742919922,128.79208374023438,-112.45709228515625,29.955331802368164,6.384651184082031,2.94732666015625,20.09885025024414,-2.8767786026000977,2,Electric Pole
-122197.8359375,-56510.43359375,10000.0,67.17717742919922,230.82177734375,3.5927963256835938,-14.453142166137695,10.615997314453125,4.45782470703125,11.811668395996094,-0.6294736266136169,3,Wind Turbine
-122197.8359375,-56510.43359375,10000.0,67.17717742919922,234.54818725585938,-3.1181182861328125,44.49059295654297,15.253067016601562,7.6765289306640625,26.71157455444336,-1.2394130229949951,3,Wind Turbine
-122197.8359375,-56510.43359375,10000.0,67.17717742919922,233.90869140625,-0.020977497100830078,17.273942947387695,2.867497444152832,1.412017822265625,27.78768539428711,1.5428506135940552,3,Wind Turbine
-118847.6796875,-35871.97265625,10000.0,33.06077575683594,99.43085479736328,-85.58006286621094,19.520212173461914,16.1971435546875,10.8226318359375,52.59799575805664,1.421029806137085,0,Antenna
-118847.6796875,-35871.97265625,10000.0,33.06077575683594,52.78607177734375,22.636449813842773,-16.226516723632812,3.4038968086242676,1.5083351135253906,5.968976020812988,1.9553143978118896,0,Antenna
-118847.6796875,-35871.97265625,10000.0,33.06077575683594,294.7723693847656,0.23382568359375,-13.087882995605469,4.82293701171875,4.0572052001953125,44.453704833984375,0.6251102089881897,0,Antenna
-118847.6796875,-35871.97265625,10000.0,33.06077575683594,97.79542541503906,-84.86489868164062,-4.337690353393555,8.028244018554688,3.4600143432617188,11.894449234008789,-1.9198249578475952,2,Electric Pole
-118847.6796875,-35871.97265625,10000.0,33.06077575683594,56.97541046142578,23.647872924804688,4.677518844604492,21.82744598388672,6.016615390777588,59.33149337768555,0.5640299320220947,3,Wind Turbine
-118847.6796875,-35871.97265625,10000.0,33.06077575683594,48.94835662841797,15.740864753723145,5.241653919219971,1.8843536376953125,0.13771438598632812,8.161917686462402,0.7413544654846191,3,Wind Turbine
-118569.890625,-122502.90625,13143.154296875,28.953144073486328,163.2152557373047,0.07228851318359375,-7.115389823913574,5.963188171386719,6.1476287841796875,48.79778289794922,2.06349515914917,0,Antenna
-115656.921875,-35289.77734375,10319.681640625,9.260138511657715,237.7750701904297,-118.31420135498047,-16.55022430419922,5.571502685546875,5.0259552001953125,45.54188537597656,-1.4098403453826904,0,Antenna
-115656.921875,-35289.77734375,10319.681640625,9.260138511657715,141.00863647460938,116.83619689941406,-19.055583953857422,0.4486532211303711,0.735076904296875,0.8975772857666016,2.2253952026367188,1,Cable
-115656.921875,-35289.77734375,10319.681640625,9.260138511657715,136.58804321289062,115.51532745361328,-14.343814849853516,0.5560646057128906,0.356292724609375,0.7050943374633789,1.9726957082748413,1,Cable
-115656.921875,-35289.77734375,10319.681640625,9.260138511657715,21.026287078857422,-2.012904644012451,2.066534996032715,28.057973861694336,5.62743616104126,28.00410270690918,0.1666012406349182,3,Wind Turbine
-112116.7421875,-37649.80078125,10000.0,109.33391571044922,28.544477462768555,0.026461899280548096,2.09580397605896,3.1661105155944824,1.4666099548339844,18.167537689208984,1.5913236141204834,0,Antenna
-112116.7421875,-37649.80078125,10000.0,109.33391571044922,88.53097534179688,-57.5588264465332,37.46255874633789,1.4382078647613525,0.02066802978515625,0.03514862060546875,-2.180048942565918,1,Cable
-112116.7421875,-37649.80078125,10000.0,109.33391571044922,106.53466033935547,-61.729270935058594,28.424821853637695,2.8402328491210938,0.03708648681640625,0.06097412109375,0.9992690086364746,1,Cable
-112116.7421875,-37649.80078125,10000.0,109.33391571044922,79.93769836425781,-70.02891540527344,19.01341438293457,0.44658946990966797,0.08501434326171875,0.0468292236328125,0.9398584961891174,1,Cable
-112116.7421875,-37649.80078125,10000.0,109.33391571044922,85.19461822509766,-71.94448852539062,42.58998107910156,3.174905776977539,0.06615447998046875,0.062282562255859375,-2.157066822052002,1,Cable
-112116.7421875,-37649.80078125,10000.0,109.33391571044922,94.56657409667969,-79.91105651855469,37.32707977294922,2.9926834106445312,0.0727691650390625,0.0574798583984375,1.013987421989441,1,Cable
-112116.7421875,-37649.80078125,10000.0,109.33391571044922,95.11814880371094,-79.427734375,28.17934799194336,2.007941246032715,0.0937042236328125,0.07651710510253906,1.0066925287246704,1,Cable
-112116.7421875,-37649.80078125,10000.0,109.33391571044922,90.02440643310547,-77.72053527832031,42.618316650390625,0.7372341156005859,0.030059814453125,0.024631500244140625,-2.1433565616607666,1,Cable
-112116.7421875,-37649.80078125,10000.0,109.33391571044922,80.92343139648438,-68.93159484863281,28.18893051147461,2.742861747741699,0.04293060302734375,0.11200141906738281,-2.1685032844543457,1,Cable
-112116.7421875,-37649.80078125,10000.0,109.33391571044922,147.42312622070312,17.931583404541016,20.069469451904297,11.748870849609375,6.730133056640625,51.28302001953125,2.5264861583709717,2,Electric Pole
-112116.7421875,-37649.80078125,10000.0,109.33391571044922,35.33531951904297,-16.794628143310547,6.981106281280518,45.10694885253906,7.385791778564453,41.21088790893555,1.909207820892334,3,Wind Turbine
-111886.3984375,2962.671875,13174.6552734375,-51.93439865112305,16.79239273071289,10.65494155883789,-3.5366411209106445,7.401221752166748,5.872343063354492,3.937504529953003,-0.4765157401561737,3,Wind Turbine
-111886.3984375,2962.671875,13174.6552734375,-51.93439865112305,132.1795196533203,-17.093225479125977,-13.402058601379395,11.305122375488281,4.228334426879883,31.391698837280273,2.818711757659912,3,Wind Turbine
-110165.640625,-24621.900390625,10000.0,139.79489135742188,176.0982666015625,0.7168922424316406,38.27634048461914,4.9904327392578125,4.371360778808594,34.79925537109375,0.38522663712501526,0,Antenna
-110165.640625,-24621.900390625,10000.0,139.79489135742188,39.50014114379883,-30.17717933654785,21.605438232421875,7.392242431640625,0.0460205078125,0.2822113037109375,1.525793194770813,1,Cable
-110165.640625,-24621.900390625,10000.0,139.79489135742188,56.764373779296875,-44.69408416748047,30.265506744384766,8.877899169921875,0.07262420654296875,0.30472564697265625,1.5325404405593872,1,Cable
-110165.640625,-24621.900390625,10000.0,139.79489135742188,41.49949645996094,17.393028259277344,19.444272994995117,17.165769577026367,0.0601654052734375,1.1151084899902344,-1.6138602495193481,1,Cable
-110165.640625,-24621.900390625,10000.0,139.79489135742188,59.39680480957031,17.293514251708984,28.597888946533203,8.502276420593262,0.08009719848632812,0.5497875213623047,-1.6113901138305664,1,Cable
-110165.640625,-24621.900390625,10000.0,139.79489135742188,60.08134841918945,38.607967376708984,36.34453582763672,2.585132598876953,0.072662353515625,0.14220809936523438,-1.6121621131896973,1,Cable
-110165.640625,-24621.900390625,10000.0,139.79489135742188,58.88575744628906,-0.36831116676330566,20.581073760986328,3.3534228801727295,0.015880584716796875,0.22991943359375,1.534253478050232,1,Cable
-110165.640625,-24621.900390625,10000.0,139.79489135742188,61.14513397216797,52.44544982910156,17.22121810913086,2.07257080078125,0.064422607421875,0.1253528594970703,-1.6130919456481934,1,Cable
-110165.640625,-24621.900390625,10000.0,139.79489135742188,42.15932846069336,32.875328063964844,18.445158004760742,8.276639938354492,0.06678009033203125,0.515350341796875,-1.6108098030090332,1,Cable
-110165.640625,-24621.900390625,10000.0,139.79489135742188,57.05279541015625,-43.56291198730469,21.173017501831055,2.3102874755859375,0.026668548583984375,0.11692047119140625,1.5384266376495361,1,Cable
-110165.640625,-24621.900390625,10000.0,139.79489135742188,57.10808563232422,-37.12037658691406,30.554004669189453,1.7035675048828125,0.039134979248046875,0.11283302307128906,-1.6172934770584106,1,Cable
-110165.640625,-24621.900390625,10000.0,139.79489135742188,60.455177307128906,42.446937561035156,26.978759765625,2.063262939453125,0.0365447998046875,0.14539337158203125,1.5603667497634888,1,Cable
-110165.640625,-24621.900390625,10000.0,139.79489135742188,60.654869079589844,47.56781005859375,26.68861198425293,3.0702171325683594,0.03018951416015625,0.2535057067871094,-1.6108382940292358,1,Cable
-110165.640625,-24621.900390625,10000.0,139.79489135742188,57.327144622802734,-37.38212585449219,21.399497985839844,2.8910789489746094,0.033184051513671875,0.16776466369628906,1.5285862684249878,1,Cable
-110165.640625,-24621.900390625,10000.0,139.79489135742188,58.6767692565918,-5.753824234008789,20.91561508178711,2.782557725906372,0.051319122314453125,0.20707321166992188,-1.6081104278564453,1,Cable
-110165.640625,-24621.900390625,10000.0,139.79489135742188,59.08175277709961,4.275228023529053,20.23707389831543,1.4101157188415527,0.039241790771484375,0.0827484130859375,1.5025769472122192,1,Cable
-110165.640625,-24621.900390625,10000.0,139.79489135742188,60.29701614379883,33.160240173339844,18.358905792236328,2.4646759033203125,0.02146148681640625,0.1710338592529297,-1.6176778078079224,1,Cable
-110165.640625,-24621.900390625,10000.0,139.79489135742188,60.517066955566406,49.0846061706543,35.72850036621094,7.018165588378906,0.05213165283203125,0.3982124328613281,1.5287611484527588,1,Cable
-110165.640625,-24621.900390625,10000.0,139.79489135742188,59.656394958496094,23.914485931396484,28.115577697753906,1.044260025024414,0.01548004150390625,0.03173828125,1.5063074827194214,1,Cable
-110165.640625,-24621.900390625,10000.0,139.79489135742188,42.4521484375,34.19426345825195,27.5487117767334,6.114849090576172,0.058681488037109375,0.4196815490722656,1.5194605588912964,1,Cable
-110165.640625,-24621.900390625,10000.0,139.79489135742188,60.25872802734375,42.49211120605469,36.11534881591797,1.4101486206054688,0.06075286865234375,0.09234237670898438,1.5256927013397217,1,Cable
-110165.640625,-24621.900390625,10000.0,139.79489135742188,59.907649993896484,29.87388801574707,27.755107879638672,3.7437877655029297,0.059574127197265625,0.25984954833984375,1.5435423851013184,1,Cable
-110165.640625,-24621.900390625,10000.0,139.79489135742188,60.91815948486328,47.37068176269531,17.537919998168945,4.279529571533203,0.0524139404296875,0.29689788818359375,-1.6247878074645996,1,Cable
-110165.640625,-24621.900390625,10000.0,139.79489135742188,60.88297653198242,52.36509704589844,26.41068458557129,1.3360061645507812,0.03223419189453125,0.13779830932617188,1.5087223052978516,1,Cable
-110165.640625,-24621.900390625,10000.0,139.79489135742188,57.27288055419922,-33.3888053894043,30.68592071533203,2.0009841918945312,0.053256988525390625,0.11199760437011719,-1.609201192855835,1,Cable
-110165.640625,-24621.900390625,10000.0,139.79489135742188,60.59661102294922,39.87297058105469,17.970340728759766,2.7811279296875,0.008869171142578125,0.21514320373535156,1.506738543510437,1,Cable
-110165.640625,-24621.900390625,10000.0,139.79489135742188,59.269248962402344,8.392858505249023,19.964275360107422,2.9116897583007812,0.07171249389648438,0.19180870056152344,-1.6160402297973633,1,Cable
-110165.640625,-24621.900390625,10000.0,139.79489135742188,48.878780364990234,-21.746902465820312,7.4811224937438965,19.384815216064453,8.654438018798828,45.5965690612793,-0.011776791885495186,2,Electric Pole
-102915.515625,-16831.05859375,10000.0,87.86849212646484,53.91495895385742,-44.945037841796875,33.08000183105469,2.8131532669067383,0.04686737060546875,0.10461044311523438,0.6254037022590637,1,Cable
-102915.515625,-16831.05859375,10000.0,87.86849212646484,67.9214859008789,-13.148065567016602,14.328459739685059,2.823932647705078,0.040252685546875,0.05267906188964844,0.6237048506736755,1,Cable
-102915.515625,-16831.05859375,10000.0,87.86849212646484,57.72088623046875,-42.24272537231445,32.97055435180664,3.3617095947265625,0.03168487548828125,0.03607177734375,-2.520148515701294,1,Cable
-102915.515625,-16831.05859375,10000.0,87.86849212646484,100.17294311523438,10.242618560791016,23.68126106262207,0.7363128662109375,0.16153717041015625,0.39839935302734375,0.46740689873695374,1,Cable
-102915.515625,-16831.05859375,10000.0,87.86849212646484,43.053131103515625,-30.989383697509766,14.768793106079102,10.181713104248047,0.07221603393554688,0.2403554916381836,0.6258053183555603,1,Cable
-102915.515625,-16831.05859375,10000.0,87.86849212646484,48.05624771118164,-27.725975036621094,23.81747817993164,7.052276611328125,0.08571243286132812,0.1346912384033203,-2.5185859203338623,1,Cable
-102915.515625,-16831.05859375,10000.0,87.86849212646484,53.28749465942383,-23.965286254882812,23.723861694335938,2.679729461669922,0.058017730712890625,0.047176361083984375,-2.505157232284546,1,Cable
-102915.515625,-16831.05859375,10000.0,87.86849212646484,63.976070404052734,-37.72430419921875,32.87590026855469,1.128061294555664,0.0462646484375,0.06869125366210938,0.605696976184845,1,Cable
-102915.515625,-16831.05859375,10000.0,87.86849212646484,41.39255905151367,-32.515438079833984,23.971660614013672,5.244516372680664,0.08669281005859375,0.17329978942871094,-2.5204544067382812,1,Cable
-102915.515625,-16831.05859375,10000.0,87.86849212646484,55.41181945800781,-44.44716262817383,14.733858108520508,6.291749954223633,0.061920166015625,0.15145301818847656,0.6197691559791565,1,Cable
-102915.515625,-16831.05859375,10000.0,87.86849212646484,70.551513671875,-11.846330642700195,32.60108184814453,7.138347625732422,0.07457733154296875,0.13922500610351562,-2.523103952407837,1,Cable
-102915.515625,-16831.05859375,10000.0,87.86849212646484,54.51823425292969,-44.768646240234375,23.89802360534668,4.313985824584961,0.04461669921875,0.07687759399414062,0.61851966381073,1,Cable
-102915.515625,-16831.05859375,10000.0,87.86849212646484,77.87419891357422,-27.780078887939453,32.64631652832031,0.9268455505371094,0.01958465576171875,0.0407562255859375,-2.4856715202331543,1,Cable
-102915.515625,-16831.05859375,10000.0,87.86849212646484,81.12531280517578,-10.421588897705078,37.79328918457031,2.3688583374023438,0.07088470458984375,0.047084808349609375,-2.5252342224121094,1,Cable
-102915.515625,-16831.05859375,10000.0,87.86849212646484,51.11761474609375,-25.203691482543945,14.603574752807617,3.742839813232422,0.04685211181640625,0.09676265716552734,0.61524498462677,1,Cable
-102915.515625,-16831.05859375,10000.0,87.86849212646484,104.05252075195312,1.785675048828125,9.337804794311523,19.249649047851562,8.036407470703125,57.30198287963867,2.158423900604248,2,Electric Pole
-101299.765625,10373.138671875,10355.009765625,111.11748504638672,15.440716743469238,0.3426107168197632,-0.13533616065979004,6.401230812072754,5.49915885925293,15.815315246582031,-1.4417188167572021,0,Antenna
-101087.3359375,-136317.328125,12768.3955078125,-177.70062255859375,254.98947143554688,0.28595542907714844,7.778532981872559,6.1057281494140625,4.289812088012695,41.052040100097656,3.039168357849121,0,Antenna
-100036.1484375,47913.05078125,10373.7490234375,23.32222557067871,173.4052276611328,-0.1684417724609375,-2.639707565307617,4.4657440185546875,3.110952377319336,28.34268569946289,-0.15334193408489227,0,Antenna
-99062.65625,-63374.9296875,10000.0,164.79962158203125,262.23193359375,-0.2598991394042969,4.758631706237793,6.43914794921875,5.044200897216797,43.662017822265625,2.9051318168640137,0,Antenna
-98533.1875,-29098.298828125,10292.484375,-158.3688507080078,131.4442901611328,112.9345932006836,38.517738342285156,3.115753173828125,1.0355377197265625,0.7887535095214844,-2.0450987815856934,1,Cable
-98533.1875,-29098.298828125,10292.484375,-158.3688507080078,131.57371520996094,108.73552703857422,37.44841384887695,5.948001861572266,1.1336212158203125,2.082672119140625,-0.5079898238182068,1,Cable
-98533.1875,-29098.298828125,10292.484375,-158.3688507080078,140.64178466796875,123.2133560180664,37.22288513183594,0.9825439453125,0.6166324615478516,1.0255126953125,-2.320014238357544,1,Cable
-98533.1875,-29098.298828125,10292.484375,-158.3688507080078,140.17498779296875,123.71841430664062,28.055850982666016,1.2608184814453125,0.6397247314453125,1.4786529541015625,1.6049727201461792,1,Cable
-98533.1875,-29098.298828125,10292.484375,-158.3688507080078,131.9677276611328,107.9076156616211,19.113628387451172,0.559417724609375,0.848907470703125,0.32608985900878906,-0.5851619243621826,1,Cable
-98533.1875,-29098.298828125,10292.484375,-158.3688507080078,131.3365478515625,113.45169067382812,29.402149200439453,1.88525390625,0.9948272705078125,0.9416751861572266,1.8929940462112427,1,Cable
-98533.1875,-29098.298828125,10292.484375,-158.3688507080078,136.6603240966797,120.92890167236328,29.206600189208984,2.44049072265625,0.22705650329589844,0.4393787384033203,-2.2593448162078857,1,Cable
-98533.1875,-29098.298828125,10292.484375,-158.3688507080078,137.768310546875,123.19294738769531,20.011825561523438,3.4011383056640625,0.2588539123535156,0.6869087219238281,0.9254094362258911,1,Cable
-98533.1875,-29098.298828125,10292.484375,-158.3688507080078,133.45614624023438,116.94744873046875,13.110823631286621,11.714019775390625,7.324371337890625,59.13050842285156,-2.086916446685791,2,Electric Pole
-98533.1875,-29098.298828125,10292.484375,-158.3688507080078,129.14662170410156,110.24505615234375,28.26793098449707,6.984764099121094,2.146240234375,20.44363784790039,-0.5075432062149048,2,Electric Pole
-98533.1875,-29098.298828125,10292.484375,-158.3688507080078,153.09799194335938,-0.013564109802246094,14.145004272460938,11.051971435546875,12.85504150390625,73.02587890625,1.6227415800094604,3,Wind Turbine
-98533.1875,-29098.298828125,10292.484375,-158.3688507080078,146.00836181640625,-0.13700485229492188,60.433223724365234,14.04229736328125,0.9591026306152344,10.733100891113281,-2.765109062194824,3,Wind Turbine
-92469.6953125,-164425.765625,15589.9541015625,76.2470703125,157.01748657226562,0.1777796745300293,-13.827005386352539,8.746200561523438,6.274044990539551,51.12385177612305,3.112025499343872,0,Antenna
-92232.8125,-149011.0,13479.109375,-3.9687068462371826,34.80097961425781,0.1938425898551941,0.6667871475219727,6.467561721801758,6.556912899017334,32.369232177734375,-0.003882200224325061,0,Antenna
-88649.40625,-57051.55078125,10214.736328125,-45.13181686401367,248.28018188476562,-1.6981420516967773,47.36260223388672,9.601409912109375,9.700276374816895,14.791740417480469,-3.0793299674987793,3,Wind Turbine
-88649.40625,-57051.55078125,10214.736328125,-45.13181686401367,250.9291534423828,-0.034689903259277344,-6.362224578857422,3.111212730407715,1.300628662109375,12.287261962890625,1.515097737312317,3,Wind Turbine
-88649.40625,-57051.55078125,10214.736328125,-45.13181686401367,250.837646484375,-1.4152450561523438,18.493059158325195,3.7806854248046875,4.4420166015625,13.765183448791504,-0.8909761309623718,3,Wind Turbine
-88649.40625,-57051.55078125,10214.736328125,-45.13181686401367,250.07225036621094,-1.7411670684814453,32.008636474609375,6.01754903793335,3.0771636962890625,9.122238159179688,1.5468848943710327,3,Wind Turbine
-86911.828125,-130535.2109375,12167.974609375,-95.62692260742188,186.43582153320312,0.06885528564453125,32.9584846496582,4.0583343505859375,4.001152038574219,37.39851760864258,2.64406156539917,0,Antenna
-86911.828125,-130535.2109375,12167.974609375,-95.62692260742188,187.8800506591797,0.3873176574707031,6.656867027282715,5.762264251708984,4.82489013671875,8.522756576538086,1.3156226873397827,3,Wind Turbine
-86628.0859375,-136055.703125,12074.484375,-99.15970611572266,132.37179565429688,-0.7551231384277344,28.248781204223633,8.858531951904297,6.262092590332031,48.48049545288086,1.2370702028274536,0,Antenna
-85595.5859375,53379.98046875,10000.0,43.75777053833008,20.098350524902344,-0.1340188980102539,-0.40020322799682617,6.389091491699219,3.6686697006225586,19.513748168945312,-2.3510184288024902,0,Antenna
-85566.75,-18547.669921875,10000.0,-171.91676330566406,85.52436065673828,-0.00279998779296875,-12.21480941772461,7.087348937988281,6.210876941680908,52.62561798095703,-3.0383527278900146,0,Antenna
-84915.3359375,-93814.7421875,10689.1591796875,42.368202209472656,63.21223831176758,-0.5295047760009766,1.6268310546875,7.424755096435547,5.668887138366699,48.40518569946289,2.8670907020568848,0,Antenna
-84915.3359375,-93814.7421875,10689.1591796875,42.368202209472656,229.75924682617188,-45.11634826660156,41.358253479003906,9.552978515625,3.589599609375,9.057880401611328,-1.0557422637939453,3,Wind Turbine
-84102.0703125,53529.48828125,10000.0,92.4236068725586,12.50323486328125,0.048753976821899414,-0.32300472259521484,6.369391441345215,3.64487361907959,12.615058898925781,-1.5026605129241943,0,Antenna
-82847.03125,55961.34375,10000.0,-137.4200439453125,17.4365291595459,0.3307962417602539,-0.2204432487487793,6.72959566116333,3.310741424560547,17.451011657714844,0.8865698575973511,0,Antenna
-80904.046875,-100929.4140625,11010.845703125,-149.68438720703125,269.41845703125,-0.14324951171875,18.375717163085938,4.3074798583984375,3.00445556640625,31.536592483520508,-2.6162850856781006,0,Antenna
-77521.1796875,-88575.671875,10387.4404296875,64.05915069580078,152.3419189453125,2.927204132080078,20.029165267944336,28.39322280883789,9.356658935546875,82.64984130859375,1.1217378377914429,3,Wind Turbine
-77521.1796875,-88575.671875,10387.4404296875,64.05915069580078,150.40267944335938,-10.921562194824219,62.61796569824219,27.200130462646484,0.6265411376953125,17.945880889892578,1.1182841062545776,3,Wind Turbine
-76505.765625,-74175.2578125,10000.0,-7.4287567138671875,54.272300720214844,-1.2659473419189453,1.8976478576660156,17.427631378173828,8.454482078552246,54.52151870727539,-0.3330266773700714,3,Wind Turbine
-72800.3046875,-48024.296875,10000.0,-85.90030670166016,266.51971435546875,2.98358154296875,40.82823944091797,3.9113006591796875,8.865211486816406,12.039485931396484,0.29502251744270325,3,Wind Turbine
-65866.171875,7594.62744140625,10000.0,7.7914204597473145,136.34417724609375,1.4186172485351562,-18.7020206451416,9.332836151123047,6.1339263916015625,47.264041900634766,-1.2456835508346558,0,Antenna
-65866.171875,7594.62744140625,10000.0,7.7914204597473145,90.35746765136719,85.89517974853516,-16.055225372314453,1.3925824165344238,0.0622711181640625,0.08445930480957031,-0.8330036997795105,1,Cable
-65866.171875,7594.62744140625,10000.0,7.7914204597473145,96.32958984375,82.29972076416016,-13.140029907226562,1.907942771911621,0.03607940673828125,0.10496997833251953,2.3565142154693604,1,Cable
-65866.171875,7594.62744140625,10000.0,7.7914204597473145,108.49781799316406,65.31730651855469,-20.58147430419922,1.7580795288085938,0.05499267578125,0.05613899230957031,2.331289768218994,1,Cable
-64603.41015625,-24595.111328125,10000.0,-14.343361854553223,50.915985107421875,-0.008537769317626953,-0.6298007965087891,5.890190124511719,4.883626461029053,48.892330169677734,3.002119541168213,0,Antenna
-64603.41015625,-24595.111328125,10000.0,-14.343361854553223,127.82710266113281,109.00007629394531,-26.362415313720703,1.3157730102539062,0.486846923828125,0.2683391571044922,2.8179244995117188,1,Cable
-64603.41015625,-24595.111328125,10000.0,-14.343361854553223,50.93235397338867,-0.3624229431152344,-9.95600700378418,5.154762268066406,5.518756866455078,16.473159790039062,1.204892635345459,2,Electric Pole
-63424.3515625,-7159.0859375,10000.0,-24.955459594726562,128.43411254882812,0.7425384521484375,22.83875846862793,42.052650451660156,10.888134002685547,89.08404541015625,2.6827852725982666,3,Wind Turbine
-62918.9609375,10328.9248046875,10000.0,170.4125213623047,153.4404754638672,138.8712158203125,-7.305579662322998,5.465660095214844,2.8144989013671875,20.394853591918945,-1.0746005773544312,2,Electric Pole
-62918.9609375,10328.9248046875,10000.0,170.4125213623047,160.767822265625,141.65802001953125,-16.491371154785156,12.225433349609375,6.3362884521484375,47.244232177734375,-2.610368490219116,2,Electric Pole
-62918.9609375,10328.9248046875,10000.0,170.4125213623047,163.56149291992188,1.3545303344726562,-8.664904594421387,13.828781127929688,10.058929443359375,78.95026397705078,-1.0500538349151611,3,Wind Turbine
-62918.9609375,10328.9248046875,10000.0,170.4125213623047,-209.0989990234375,-7.143780708312988,6.881165504455566,11.183135986328125,1.1784143447875977,0.9416990280151367,0.08781953155994415,3,Wind Turbine
-59958.98828125,44796.69921875,10544.087890625,-33.46106719970703,126.09255981445312,-0.2867584228515625,2.7559814453125,32.26520538330078,11.078895568847656,84.28048706054688,-0.48084473609924316,3,Wind Turbine
-59958.98828125,44796.69921875,10544.087890625,-33.46106719970703,131.45114135742188,-4.600440979003906,-35.07713317871094,7.401191711425781,13.444175720214844,6.823934555053711,2.338660478591919,3,Wind Turbine
-59958.98828125,44796.69921875,10544.087890625,-33.46106719970703,116.00630187988281,2.0325775146484375,48.51750183105469,27.196388244628906,0.5911026000976562,19.771072387695312,-0.5858194828033447,3,Wind Turbine
-56111.37890625,-8927.05859375,10000.0,3.9625816345214844,57.00246047973633,37.93041229248047,10.422645568847656,32.433860778808594,5.030925750732422,58.79351043701172,3.059565305709839,3,Wind Turbine
-53179.1953125,-127628.2578125,14848.9853515625,102.2601089477539,218.87876892089844,-0.09114456176757812,8.203531265258789,5.492523193359375,5.175449371337891,44.648006439208984,0.25098270177841187,0,Antenna
-52633.39453125,-65518.22265625,10076.095703125,-152.75674438476562,162.62619018554688,-110.83623504638672,21.068721771240234,2.3470077514648438,1.7479095458984375,14.097382545471191,-1.6644426584243774,0,Antenna
-52633.39453125,-65518.22265625,10076.095703125,-152.75674438476562,58.79985427856445,18.958030700683594,-21.29591941833496,4.41522216796875,3.484891891479492,0.4284172058105469,0.8675577640533447,1,Cable
-52633.39453125,-65518.22265625,10076.095703125,-152.75674438476562,62.617767333984375,16.485076904296875,-20.863800048828125,4.469371795654297,1.267923355102539,0.23038482666015625,-2.5524072647094727,1,Cable
-52633.39453125,-65518.22265625,10076.095703125,-152.75674438476562,47.78347396850586,25.379409790039062,-21.56481170654297,2.83349609375,1.545562744140625,0.0568695068359375,-1.6780586242675781,1,Cable
-52633.39453125,-65518.22265625,10076.095703125,-152.75674438476562,74.00015258789062,12.007011413574219,-19.59576988220215,2.094482421875,1.1233139038085938,0.1910858154296875,-2.9420230388641357,1,Cable
-52633.39453125,-65518.22265625,10076.095703125,-152.75674438476562,203.29824829101562,1.1433639526367188,31.26487159729004,11.350509643554688,9.381340026855469,45.39351272583008,-0.48278504610061646,3,Wind Turbine
-52633.39453125,-65518.22265625,10076.095703125,-152.75674438476562,204.05801391601562,-0.013259410858154297,-6.514890670776367,3.2182998657226562,1.2568817138671875,18.149436950683594,1.593213438987732,3,Wind Turbine
-50740.296875,37300.12890625,10000.0,22.188213348388672,13.790080070495605,-1.2949724197387695,0.3160367012023926,9.759727478027344,5.6620378494262695,17.477985382080078,0.3720893859863281,0,Antenna
-50740.296875,37300.12890625,10000.0,22.188213348388672,206.2317352294922,-54.49141311645508,14.324956893920898,5.1846160888671875,6.30322265625,43.13016128540039,1.7621783018112183,0,Antenna
-50740.296875,37300.12890625,10000.0,22.188213348388672,138.81698608398438,126.96739196777344,-20.655227661132812,2.5446815490722656,0.0533447265625,0.2826499938964844,2.6167237758636475,1,Cable
-50740.296875,37300.12890625,10000.0,22.188213348388672,218.88861083984375,194.97454833984375,27.960792541503906,12.686248779296875,1.1621017456054688,38.22425842285156,-2.757119655609131,3,Wind Turbine
-50740.296875,37300.12890625,10000.0,22.188213348388672,34.7899284362793,4.426903247833252,12.999309539794922,8.094314575195312,0.8152298927307129,5.307866096496582,-2.7767333984375,3,Wind Turbine
-50246.81640625,-13530.9853515625,10000.0,147.1187286376953,15.73106861114502,1.1872615814208984,0.5211777687072754,5.442644119262695,2.2694597244262695,15.561474800109863,1.1354947090148926,0,Antenna
-50246.81640625,-13530.9853515625,10000.0,147.1187286376953,34.01301574707031,-7.541794776916504,10.979283332824707,3.8733978271484375,0.217926025390625,8.711860656738281,2.5721209049224854,0,Antenna
-50246.81640625,-13530.9853515625,10000.0,147.1187286376953,10.81273365020752,8.06693172454834,-3.5007567405700684,2.5487022399902344,0.9061651229858398,20.60433578491211,-2.9831900596618652,0,Antenna
-50246.81640625,-13530.9853515625,10000.0,147.1187286376953,13.901590347290039,5.4171977043151855,4.742834568023682,0.9293451309204102,0.11933517456054688,4.857770919799805,2.626753807067871,0,Antenna
-50246.81640625,-13530.9853515625,10000.0,147.1187286376953,28.139163970947266,-3.754762649536133,9.024986267089844,3.6666812896728516,0.18367862701416016,8.909173965454102,2.5776591300964355,0,Antenna
-50246.81640625,-13530.9853515625,10000.0,147.1187286376953,112.60368347167969,21.81521987915039,-22.67685317993164,0.9634246826171875,0.6391067504882812,2.4073619842529297,2.1806535720825195,1,Cable
-50246.81640625,-13530.9853515625,10000.0,147.1187286376953,114.13632202148438,105.14370727539062,-23.31951904296875,2.3347854614257812,0.0414886474609375,0.09189605712890625,1.598608136177063,1,Cable
-50246.3515625,-6836.97265625,10000.0,-102.770263671875,58.964881896972656,0.03523850440979004,2.042292594909668,3.553426742553711,1.7862167358398438,51.432350158691406,1.5450352430343628,0,Antenna
-50246.3515625,-6836.97265625,10000.0,-102.770263671875,205.72996520996094,50.25856018066406,4.45136022567749,4.4293670654296875,2.579620361328125,30.79043960571289,-1.197999358177185,0,Antenna
-50246.3515625,-6836.97265625,10000.0,-102.770263671875,60.61698913574219,-1.6328812837600708,-23.8692626953125,13.896688461303711,9.658199310302734,4.726194381713867,-1.5693683624267578,3,Wind Turbine
-50246.3515625,-6836.97265625,10000.0,-102.770263671875,49.78761672973633,-27.10053062438965,21.182498931884766,28.37862777709961,0.392974853515625,23.662887573242188,-1.7887659072875977,3,Wind Turbine
-50246.3515625,-6836.97265625,10000.0,-102.770263671875,61.180091857910156,23.57846450805664,27.125856399536133,28.764766693115234,0.5033760070800781,17.59671401977539,1.3471390008926392,3,Wind Turbine
-50246.3515625,-6836.97265625,10000.0,-102.770263671875,59.08628463745117,0.10434484481811523,26.335487365722656,2.6787872314453125,1.1946868896484375,2.935728073120117,1.4448838233947754,3,Wind Turbine
-49352.19921875,41525.12890625,10000.0,-91.1578140258789,33.631961822509766,27.364452362060547,5.016293525695801,7.044864654541016,0.26638031005859375,9.220453262329102,1.5472131967544556,0,Antenna
-49352.19921875,41525.12890625,10000.0,-91.1578140258789,153.80267333984375,-125.23062133789062,-24.122417449951172,0.737335205078125,0.4598236083984375,1.4425506591796875,-2.079641580581665,1,Cable
-49352.19921875,41525.12890625,10000.0,-91.1578140258789,139.9115753173828,-131.29542541503906,-21.67324447631836,2.2478904724121094,0.0254974365234375,0.28379058837890625,-2.508181571960449,1,Cable
-49352.19921875,41525.12890625,10000.0,-91.1578140258789,33.446533203125,22.872516632080078,15.621946334838867,13.545186996459961,0.45186614990234375,17.836200714111328,1.5487744808197021,3,Wind Turbine
-49352.19921875,41525.12890625,10000.0,-91.1578140258789,33.01005554199219,-13.829141616821289,3.2648048400878906,31.649127960205078,3.8857345581054688,40.808021545410156,1.4189097881317139,3,Wind Turbine
-48142.8125,-66818.2890625,13646.443359375,-160.40576171875,118.38397216796875,24.452835083007812,-54.45928192138672,3.9804000854492188,1.9393539428710938,0.2509498596191406,0.961754322052002,1,Cable
-48142.8125,-66818.2890625,13646.443359375,-160.40576171875,240.3114471435547,-0.12757110595703125,-25.673294067382812,3.052305221557617,1.348724365234375,18.141149520874023,1.6961469650268555,3,Wind Turbine
-48142.8125,-66818.2890625,13646.443359375,-160.40576171875,240.6755828857422,0.5967636108398438,-46.610076904296875,5.902366638183594,2.0198516845703125,19.443347930908203,1.193398356437683,3,Wind Turbine
-48142.8125,-66818.2890625,13646.443359375,-160.40576171875,238.7589569091797,2.9809722900390625,14.235740661621094,9.389114379882812,7.4776763916015625,11.594573020935059,1.1367517709732056,3,Wind Turbine
-48142.8125,-66818.2890625,13646.443359375,-160.40576171875,241.68321228027344,4.088249206542969,2.080467939376831,8.263656616210938,3.0881500244140625,8.408140182495117,0.8282899856567383,3,Wind Turbine
-47861.19921875,-6112.09375,10000.0,-119.46662902832031,73.31880950927734,1.4428691864013672,-3.098372459411621,14.01628303527832,7.6260528564453125,48.92339324951172,-1.763003945350647,0,Antenna
-47861.19921875,-6112.09375,10000.0,-119.46662902832031,79.67723846435547,32.54145050048828,-30.736316680908203,5.179531097412109,2.2506103515625,3.6363067626953125,1.817689299583435,0,Antenna
-47861.19921875,-6112.09375,10000.0,-119.46662902832031,229.9061737060547,6.142425537109375,-1.1269159317016602,5.045440673828125,3.9269866943359375,42.191551208496094,2.783498525619507,0,Antenna
-47861.19921875,-6112.09375,10000.0,-119.46662902832031,82.96305084228516,-8.120832443237305,-22.407047271728516,3.4563140869140625,0.5427951812744141,2.615184783935547,2.7880842685699463,0,Antenna
-47861.19921875,-6112.09375,10000.0,-119.46662902832031,73.90898895263672,-85.60438537597656,-15.138916015625,0.3104743957519531,0.10985565185546875,0.7999372482299805,-2.7363009452819824,1,Cable
-47861.19921875,-6112.09375,10000.0,-119.46662902832031,65.3984375,-80.4832992553711,-15.775887489318848,0.6920452117919922,0.265655517578125,1.8966693878173828,-2.71846342086792,1,Cable
-47861.19921875,-6112.09375,10000.0,-119.46662902832031,121.55229949951172,111.12171173095703,-4.578734397888184,1.6492919921875,0.09905242919921875,0.11031198501586914,0.10627523064613342,1,Cable
-47861.19921875,-6112.09375,10000.0,-119.46662902832031,65.16915130615234,-14.520881652832031,16.36980628967285,39.070159912109375,4.899818420410156,37.27530288696289,-2.0787277221679688,3,Wind Turbine
-47861.19921875,-6112.09375,10000.0,-119.46662902832031,84.30537414550781,23.796064376831055,37.62677764892578,10.993537902832031,0.5268516540527344,7.947582244873047,1.0533641576766968,3,Wind Turbine
-47861.19921875,-6112.09375,10000.0,-119.46662902832031,88.71258544921875,31.428890228271484,40.70844268798828,7.458610534667969,0.34185791015625,3.2488670349121094,1.0525315999984741,3,Wind Turbine
-44104.82421875,30009.3203125,10000.0,-7.518002510070801,60.81558609008789,52.8454704284668,-27.69132423400879,1.045602798461914,0.06400299072265625,0.059650421142578125,-1.0716450214385986,1,Cable
-44104.82421875,30009.3203125,10000.0,-7.518002510070801,57.986671447753906,56.30409240722656,-24.993667602539062,6.0124969482421875,0.07331085205078125,0.33691978454589844,-1.0787553787231445,1,Cable
-44104.82421875,30009.3203125,10000.0,-7.518002510070801,59.18122482299805,57.917327880859375,-23.153522491455078,1.684539794921875,0.7772655487060547,0.7132148742675781,0.39623045921325684,1,Cable
-44104.82421875,30009.3203125,10000.0,-7.518002510070801,64.39360046386719,46.16473388671875,-27.15534019470215,9.743635177612305,0.0545806884765625,0.7196044921875,2.061927556991577,1,Cable
-44104.82421875,30009.3203125,10000.0,-7.518002510070801,63.14385986328125,59.91777038574219,-23.17822265625,1.7837371826171875,0.7660179138183594,0.7133960723876953,-2.817039728164673,1,Cable
-44104.82421875,30009.3203125,10000.0,-7.518002510070801,67.00604248046875,41.58794403076172,-20.120817184448242,2.6892809867858887,0.0095367431640625,0.21710968017578125,2.066223382949829,1,Cable
-44104.82421875,30009.3203125,10000.0,-7.518002510070801,60.29909896850586,54.105926513671875,-21.15424346923828,5.0613250732421875,0.06497955322265625,0.3079357147216797,-1.084121823310852,1,Cable
-44104.82421875,30009.3203125,10000.0,-7.518002510070801,92.71479797363281,-4.579395294189453,-28.967884063720703,1.4328575134277344,0.8655624389648438,1.576333999633789,1.0896583795547485,1,Cable
-44104.82421875,30009.3203125,10000.0,-7.518002510070801,72.2505874633789,44.947139739990234,-26.799362182617188,2.485076904296875,0.0045013427734375,0.24431419372558594,2.063899517059326,1,Cable
-44104.82421875,30009.3203125,10000.0,-7.518002510070801,63.83265686035156,45.350433349609375,-24.137704849243164,2.37503719329834,0.0067291259765625,0.19393539428710938,2.0457444190979004,1,Cable
-44104.82421875,30009.3203125,10000.0,-7.518002510070801,66.13162994384766,56.397735595703125,-27.76586151123047,3.605684280395508,0.084991455078125,0.2828369140625,2.044745445251465,1,Cable
-44104.82421875,30009.3203125,10000.0,-7.518002510070801,68.3798828125,38.70378494262695,-26.52313995361328,3.4292213916778564,0.0326080322265625,0.26422119140625,-1.0672993659973145,1,Cable
-44104.82421875,30009.3203125,10000.0,-7.518002510070801,77.3217544555664,21.992446899414062,-25.10041046142578,3.497039794921875,0.03507232666015625,0.2975749969482422,2.074228286743164,1,Cable
-44104.82421875,30009.3203125,10000.0,-7.518002510070801,212.08535766601562,169.4014129638672,-21.22295379638672,1.370513916015625,0.23492813110351562,1.9767799377441406,-2.258300304412842,1,Cable
-44104.82421875,30009.3203125,10000.0,-7.518002510070801,62.97281265258789,49.10783767700195,-20.727354049682617,1.6096258163452148,0.05130767822265625,0.1386566162109375,-1.0718433856964111,1,Cable
-44104.82421875,30009.3203125,10000.0,-7.518002510070801,71.13800811767578,31.677692413330078,-22.969711303710938,1.324150562286377,0.0377349853515625,0.05328559875488281,2.0804831981658936,1,Cable
-44104.82421875,30009.3203125,10000.0,-7.518002510070801,86.23046875,20.744789123535156,-21.690174102783203,2.013317108154297,0.0422210693359375,0.17525863647460938,-1.054126262664795,1,Cable
-44104.82421875,30009.3203125,10000.0,-7.518002510070801,68.43988037109375,52.05158996582031,-27.416610717773438,3.0195999145507812,0.0479583740234375,0.20313453674316406,2.0501961708068848,1,Cable
-44104.82421875,30009.3203125,10000.0,-7.518002510070801,74.00047302246094,43.53173828125,-23.651029586791992,3.88607120513916,0.04203033447265625,0.28858184814453125,2.06134033203125,1,Cable
-44104.82421875,30009.3203125,10000.0,-7.518002510070801,89.63375854492188,14.354766845703125,-21.123170852661133,2.5380592346191406,0.02123260498046875,0.18082809448242188,-1.0911533832550049,1,Cable
-44104.82421875,30009.3203125,10000.0,-7.518002510070801,68.70941162109375,53.451820373535156,-24.517457962036133,2.8038206100463867,0.04347991943359375,0.22941970825195312,-1.0747512578964233,1,Cable
-44104.82421875,30009.3203125,10000.0,-7.518002510070801,78.14820098876953,33.65445327758789,-19.207849502563477,2.444328784942627,0.011810302734375,0.23430252075195312,-1.0830719470977783,1,Cable
-44104.82421875,30009.3203125,10000.0,-7.518002510070801,70.29708862304688,48.63182830810547,-27.107622146606445,2.387571334838867,0.016021728515625,0.168304443359375,-1.079696774482727,1,Cable
-44104.82421875,30009.3203125,10000.0,-7.518002510070801,63.09284591674805,62.08126449584961,-28.124465942382812,2.0622901916503906,0.00200653076171875,0.05306243896484375,2.088740348815918,1,Cable
-44104.82421875,30009.3203125,10000.0,-7.518002510070801,81.87777709960938,13.492975234985352,-24.356971740722656,1.7609691619873047,0.00508880615234375,0.1513385772705078,2.036869525909424,1,Cable
-44104.82421875,30009.3203125,10000.0,-7.518002510070801,61.009002685546875,50.64984130859375,-24.559581756591797,2.530040740966797,0.02277374267578125,0.1735706329345703,2.060035467147827,1,Cable
-44104.82421875,30009.3203125,10000.0,-7.518002510070801,80.96427154541016,13.378351211547852,-21.35348129272461,1.9156951904296875,0.00421142578125,0.1648120880126953,2.0556488037109375,1,Cable
-44104.82421875,30009.3203125,10000.0,-7.518002510070801,61.457130432128906,59.181678771972656,-23.20809555053711,8.813896179199219,3.167999267578125,10.62004280090332,0.17634174227714539,2,Electric Pole
-44104.82421875,30009.3203125,10000.0,-7.518002510070801,217.18914794921875,-0.6663169860839844,-22.125539779663086,11.973854064941406,8.829208374023438,44.78666305541992,1.427420973777771,3,Wind Turbine
-44104.82421875,30009.3203125,10000.0,-7.518002510070801,219.0235137939453,-1.1790008544921875,28.879528045654297,9.114601135253906,5.50054931640625,10.133499145507812,-2.1204471588134766,3,Wind Turbine
-43947.515625,14946.05078125,10000.0,-105.42675018310547,75.56892395019531,65.57404327392578,-13.613350868225098,6.540687561035156,7.032814025878906,44.939781188964844,-1.7541368007659912,0,Antenna
-43947.515625,14946.05078125,10000.0,-105.42675018310547,101.3962631225586,43.20986557006836,-22.946887969970703,2.0815963745117188,0.5735626220703125,0.6023540496826172,-0.9146504402160645,1,Cable
-43947.515625,14946.05078125,10000.0,-105.42675018310547,45.76050567626953,21.533967971801758,-20.69686508178711,2.056438446044922,0.04936695098876953,0.11990737915039062,0.3491300940513611,1,Cable
-43947.515625,14946.05078125,10000.0,-105.42675018310547,40.2471809387207,21.4786434173584,-17.794002532958984,3.126575469970703,0.0444488525390625,0.12940025329589844,0.3514248728752136,1,Cable
-43947.515625,14946.05078125,10000.0,-105.42675018310547,40.61181640625,24.121967315673828,-17.736190795898438,4.324424743652344,0.041550636291503906,0.1569843292236328,-2.7922730445861816,1,Cable
-43947.515625,14946.05078125,10000.0,-105.42675018310547,47.895294189453125,28.80044937133789,-20.538240432739258,2.321575164794922,0.018790245056152344,0.10106658935546875,-2.7801051139831543,1,Cable
-43947.515625,14946.05078125,10000.0,-105.42675018310547,44.274261474609375,22.96483039855957,-17.616802215576172,4.204200744628906,0.0333857536315918,0.15944480895996094,0.3534504473209381,1,Cable
-43947.515625,14946.05078125,10000.0,-105.42675018310547,63.498756408691406,34.588706970214844,-19.881973266601562,1.4638748168945312,0.02819681167602539,0.07262611389160156,0.399738609790802,1,Cable
-43947.515625,14946.05078125,10000.0,-105.42675018310547,282.9772033691406,-0.592926025390625,47.468833923339844,7.25634765625,6.520263671875,9.610145568847656,0.3725954592227936,3,Wind Turbine
-42335.97265625,-15939.1611328125,10000.0,160.53561401367188,91.42965698242188,3.422708511352539,12.266724586486816,27.151168823242188,5.9517822265625,69.80207824707031,2.8300604820251465,3,Wind Turbine
-42335.97265625,-15939.1611328125,10000.0,160.53561401367188,117.03874206542969,-3.128448486328125,33.5959587097168,11.534439086914062,0.6433639526367188,23.70208740234375,-0.3252601623535156,3,Wind Turbine
-42335.97265625,-15939.1611328125,10000.0,160.53561401367188,74.45407104492188,11.959476470947266,28.178680419921875,11.534378051757812,0.42761993408203125,10.276735305786133,-0.33954787254333496,3,Wind Turbine
-42076.87109375,-1061.840087890625,10000.0,-129.26138305664062,150.43295288085938,1.1546783447265625,23.805965423583984,27.00792694091797,10.847770690917969,91.4101791381836,-2.3705685138702393,3,Wind Turbine
-42076.87109375,-1061.840087890625,10000.0,-129.26138305664062,158.61148071289062,16.788177490234375,50.97544479370117,5.1850738525390625,0.6099777221679688,6.914680480957031,0.856292724609375,3,Wind Turbine
-42076.87109375,-1061.840087890625,10000.0,-129.26138305664062,133.97280883789062,-13.35687255859375,38.96007537841797,5.853141784667969,0.5420074462890625,12.399967193603516,0.8881759643554688,3,Wind Turbine
-36038.51953125,-14631.396484375,10000.0,-40.15648651123047,113.04391479492188,-76.62129974365234,-30.809528350830078,2.575059413909912,2.1765899658203125,1.4087715148925781,0.9191638827323914,1,Cable
-36038.51953125,-14631.396484375,10000.0,-40.15648651123047,112.86691284179688,-103.45014953613281,-31.423847198486328,3.1895751953125,1.2552595138549805,0.1786785125732422,-0.6425091624259949,1,Cable
-36038.51953125,-14631.396484375,10000.0,-40.15648651123047,118.9087905883789,-20.596149444580078,-20.221446990966797,1.8510894775390625,2.1261062622070312,0.39978599548339844,-2.4980850219726562,1,Cable
-36038.51953125,-14631.396484375,10000.0,-40.15648651123047,119.5442886352539,4.391475677490234,-14.147671699523926,2.4297256469726562,1.4412841796875,0.6464557647705078,2.121070384979248,1,Cable
-36038.51953125,-14631.396484375,10000.0,-40.15648651123047,112.8218002319336,-99.89191436767578,-31.254066467285156,2.9336318969726562,2.5696563720703125,0.09045219421386719,2.973721504211426,1,Cable
-36038.51953125,-14631.396484375,10000.0,-40.15648651123047,111.56295013427734,-108.2774658203125,-31.58768653869629,4.05010986328125,2.713740348815918,0.14388275146484375,-0.687952995300293,1,Cable
-36038.51953125,-14631.396484375,10000.0,-40.15648651123047,116.72480773925781,-40.7017707824707,-24.358230590820312,1.814828872680664,1.3616256713867188,0.33322906494140625,-1.660658359527588,1,Cable
-36038.51953125,-14631.396484375,10000.0,-40.15648651123047,114.28189086914062,-72.95516204833984,-29.586517333984375,2.8092079162597656,1.4540252685546875,0.45327186584472656,-1.6865191459655762,1,Cable
-36038.51953125,-14631.396484375,10000.0,-40.15648651123047,197.7292938232422,162.97279357910156,33.098331451416016,22.20868682861328,5.8329620361328125,81.98619842529297,2.392683982849121,3,Wind Turbine
-36038.51953125,-14631.396484375,10000.0,-40.15648651123047,208.59494018554688,-149.259033203125,12.47851276397705,11.211151123046875,6.6455535888671875,67.8019790649414,-2.7970001697540283,3,Wind Turbine
-35134.4375,-47977.94140625,11339.3388671875,70.48961639404297,83.91942596435547,-6.025999546051025,9.448440551757812,15.217461585998535,4.627166748046875,52.06555938720703,-1.5316678285598755,0,Antenna
-35134.4375,-47977.94140625,11339.3388671875,70.48961639404297,66.31999206542969,-64.82872772216797,-30.092050552368164,1.0275611877441406,0.02780914306640625,0.029460906982421875,-2.867861032485962,1,Cable
-35134.4375,-47977.94140625,11339.3388671875,70.48961639404297,85.94031524658203,4.505317687988281,27.905744552612305,23.800100326538086,5.206871032714844,25.93520736694336,1.2281397581100464,3,Wind Turbine
-35134.4375,-47977.94140625,11339.3388671875,70.48961639404297,97.30216217041016,29.59770393371582,47.52214431762695,3.412994384765625,0.38344573974609375,2.2458267211914062,-1.933882713317871,3,Wind Turbine
-35134.4375,-47977.94140625,11339.3388671875,70.48961639404297,81.9654312133789,-0.61199951171875,-10.06967544555664,2.7685203552246094,0.8232421875,13.029327392578125,2.077465534210205,3,Wind Turbine
-35134.4375,-47977.94140625,11339.3388671875,70.48961639404297,82.45223999023438,-11.90267562866211,27.077985763549805,2.098883628845215,0.5113525390625,6.65496826171875,-1.915855884552002,3,Wind Turbine
-35134.4375,-47977.94140625,11339.3388671875,70.48961639404297,80.88513946533203,-16.733163833618164,14.722407341003418,7.2084550857543945,0.29601287841796875,7.547101974487305,1.230110764503479,3,Wind Turbine
-32334.359375,58857.66796875,11999.1259765625,-98.58969116210938,88.1930923461914,-0.357391357421875,-5.345564842224121,6.099884033203125,7.057692050933838,50.30741882324219,3.031878709793091,0,Antenna
-32334.359375,58857.66796875,11999.1259765625,-98.58969116210938,230.7805938720703,136.1875,7.859372138977051,16.450721740722656,6.4342803955078125,27.866674423217773,-1.5563002824783325,3,Wind Turbine
-32334.359375,58857.66796875,11999.1259765625,-98.58969116210938,234.32859802246094,137.43154907226562,-44.599143981933594,6.4355926513671875,3.742095947265625,13.309986114501953,2.828795909881592,3,Wind Turbine
-32334.359375,58857.66796875,11999.1259765625,-98.58969116210938,231.74208068847656,138.151611328125,-14.68896770477295,5.5637054443359375,1.1868896484375,12.100973129272461,-0.8807132840156555,3,Wind Turbine
-30177.43359375,-43842.07421875,12203.0634765625,120.56830596923828,44.04066467285156,2.4783363342285156,0.672694206237793,8.690444946289062,4.381526947021484,41.08445739746094,-1.8034634590148926,0,Antenna
-30177.43359375,-43842.07421875,12203.0634765625,120.56830596923828,48.820823669433594,-3.2494735717773438,3.240924119949341,3.42657470703125,0.5000686645507812,19.662384033203125,2.0939719676971436,0,Antenna
-30177.43359375,-43842.07421875,12203.0634765625,120.56830596923828,117.29998779296875,19.341352462768555,-38.02491760253906,5.163633346557617,2.707733154296875,1.4582061767578125,-1.1293506622314453,1,Cable
-30177.43359375,-43842.07421875,12203.0634765625,120.56830596923828,83.87468719482422,-56.493125915527344,-38.66524887084961,10.070805549621582,2.715789794921875,0.5729141235351562,1.1674435138702393,1,Cable
-30177.43359375,-43842.07421875,12203.0634765625,120.56830596923828,132.64366149902344,52.23693084716797,-42.98561096191406,1.1108531951904297,0.138580322265625,1.3515548706054688,2.1135315895080566,1,Cable
-30177.43359375,-43842.07421875,12203.0634765625,120.56830596923828,131.03758239746094,-6.807346343994141,-35.792076110839844,1.8138961791992188,1.402801513671875,3.977825164794922,0.9855524897575378,1,Cable
-30177.43359375,-43842.07421875,12203.0634765625,120.56830596923828,37.75853729248047,15.470479965209961,7.173117637634277,27.25216293334961,0.5921821594238281,28.12813377380371,2.099015712738037,3,Wind Turbine
-28805.8125,-45889.375,13242.2646484375,121.7546157836914,66.72286224365234,7.934085845947266,-11.593954086303711,1.8232707977294922,0.05230712890625,10.764054298400879,-1.141508936882019,0,Antenna
-28805.8125,-45889.375,13242.2646484375,121.7546157836914,110.48171997070312,-52.33108139038086,-49.26877212524414,4.3231201171875,1.8463668823242188,0.183746337890625,0.05637795478105545,1,Cable
-28805.8125,-45889.375,13242.2646484375,121.7546157836914,146.27053833007812,-151.09243774414062,-61.890869140625,1.6372833251953125,0.2966156005859375,0.53912353515625,-0.5635726451873779,1,Cable
-28805.8125,-45889.375,13242.2646484375,121.7546157836914,106.61813354492188,-61.142642974853516,-48.745140075683594,7.456092834472656,4.03460693359375,0.4453468322753906,1.1735097169876099,1,Cable
-28805.8125,-45889.375,13242.2646484375,121.7546157836914,93.0174331665039,-25.38178253173828,-38.552188873291016,3.112299919128418,0.8918609619140625,2.1420364379882812,1.1404436826705933,1,Cable
-28805.8125,-45889.375,13242.2646484375,121.7546157836914,105.92918395996094,-67.20999908447266,-48.40176773071289,1.621337890625,1.119232177734375,0.07816314697265625,-2.8901727199554443,1,Cable
-28805.8125,-45889.375,13242.2646484375,121.7546157836914,61.4729118347168,10.246063232421875,0.9557971954345703,67.51138305664062,10.387641906738281,64.69009399414062,2.070524215698242,3,Wind Turbine
-28805.8125,-45889.375,13242.2646484375,121.7546157836914,80.3597640991211,-14.230106353759766,34.315589904785156,26.823638916015625,0.75390625,12.947488784790039,-1.0025854110717773,3,Wind Turbine
-27148.2421875,-34052.3125,10020.7646484375,89.73686981201172,81.87812042236328,-23.301773071289062,-10.998998641967773,4.88507080078125,1.229888916015625,0.31267833709716797,-1.591019630432129,1,Cable
-27148.2421875,-34052.3125,10020.7646484375,89.73686981201172,133.0081329345703,-55.0534553527832,-27.240798950195312,1.093658447265625,0.13225936889648438,1.5999870300292969,2.4220986366271973,1,Cable
-27148.2421875,-34052.3125,10020.7646484375,89.73686981201172,177.15472412109375,149.98741149902344,48.92908477783203,13.84332275390625,0.842803955078125,23.832378387451172,1.5663808584213257,3,Wind Turbine
-26543.89453125,-1620.3480224609375,10000.0,-95.17977142333984,86.44487762451172,-86.58464050292969,-31.60506820678711,4.5521392822265625,1.7081377506256104,0.13261795043945312,2.3780124187469482,1,Cable
-26543.89453125,-1620.3480224609375,10000.0,-95.17977142333984,143.55355834960938,-54.54273986816406,-29.84085464477539,2.1875476837158203,1.0868377685546875,0.26706886291503906,-1.776430606842041,1,Cable
-26543.89453125,-1620.3480224609375,10000.0,-95.17977142333984,107.45130920410156,-73.99166870117188,-31.825927734375,3.0356521606445312,3.171966552734375,0.11653518676757812,0.0684446319937706,1,Cable
-26543.89453125,-1620.3480224609375,10000.0,-95.17977142333984,110.14263153076172,-71.25263214111328,-31.67318344116211,4.742218017578125,1.3763656616210938,0.18239784240722656,-0.08700595796108246,1,Cable
-24947.5,-3902.515869140625,10000.0,-124.59876251220703,92.99656677246094,-89.56480407714844,-29.120262145996094,4.966970920562744,4.941490173339844,1.0177173614501953,0.8258779644966125,1,Cable
-24947.5,-3902.515869140625,10000.0,-124.59876251220703,98.40055084228516,-90.22064208984375,-28.264347076416016,4.0778656005859375,1.8765869140625,0.33487892150878906,1.50209379196167,1,Cable
-24947.5,-3902.515869140625,10000.0,-124.59876251220703,102.76988220214844,-89.42926788330078,-27.57884407043457,2.7390975952148438,0.39319610595703125,0.0446624755859375,-1.413973093032837,1,Cable
-24947.5,-3902.515869140625,10000.0,-124.59876251220703,222.6781768798828,168.77511596679688,1.175887107849121,3.363313674926758,1.809326171875,45.21162414550781,2.2737765312194824,3,Wind Turbine
-24947.5,-3902.515869140625,10000.0,-124.59876251220703,221.1659393310547,171.05075073242188,48.815425872802734,10.904800415039062,12.104705810546875,20.075180053710938,-0.004597652703523636,3,Wind Turbine
-22613.224609375,-39778.11328125,11755.390625,61.95964431762695,96.1756591796875,55.900779724121094,12.056434631347656,3.508434295654297,5.06207275390625,28.831504821777344,2.629570960998535,0,Antenna
-22613.224609375,-39778.11328125,11755.390625,61.95964431762695,81.37811279296875,71.49516296386719,15.314447402954102,2.014495849609375,0.09944534301757812,0.1511516571044922,-2.9432625770568848,1,Cable
-22613.224609375,-39778.11328125,11755.390625,61.95964431762695,77.52491760253906,67.90388488769531,13.923192977905273,3.1085357666015625,0.059413909912109375,0.2013111114501953,-2.9361987113952637,1,Cable
-22613.224609375,-39778.11328125,11755.390625,61.95964431762695,53.0629768371582,36.84265899658203,-8.401756286621094,1.94464111328125,0.1550464630126953,1.0520448684692383,1.0420713424682617,1,Cable
-22613.224609375,-39778.11328125,11755.390625,61.95964431762695,78.24821472167969,68.06636810302734,17.457252502441406,2.6203079223632812,0.02895355224609375,0.23453712463378906,-2.946345567703247,1,Cable
-22613.224609375,-39778.11328125,11755.390625,61.95964431762695,96.3876953125,55.67479705810547,-4.779397487640381,4.692115783691406,5.361854553222656,12.849726676940918,-0.6502560377120972,3,Wind Turbine
-22393.353515625,-5618.236328125,10000.0,-164.38729858398438,298.9744567871094,10.446151733398438,-1.3612070083618164,3.161355972290039,1.164764404296875,45.35363006591797,1.6934641599655151,0,Antenna
-22343.0,25794.154296875,10000.0,86.06072998046875,16.197473526000977,-8.325919151306152,5.014352798461914,13.158045768737793,0.5313835144042969,12.822040557861328,1.503237009048462,0,Antenna
-22343.0,25794.154296875,10000.0,86.06072998046875,234.9291229248047,-129.54031372070312,18.283245086669922,5.991321563720703,3.100494384765625,34.15009307861328,-2.2478060722351074,0,Antenna
-22343.0,25794.154296875,10000.0,86.06072998046875,200.97604370117188,159.49862670898438,-4.4719367027282715,4.917510986328125,3.35205078125,30.881053924560547,1.2490185499191284,0,Antenna
-22343.0,25794.154296875,10000.0,86.06072998046875,90.2001953125,-81.04512786865234,-14.277145385742188,0.9262313842773438,0.015380859375,0.1624155044555664,-2.604578971862793,1,Cable
-22343.0,25794.154296875,10000.0,86.06072998046875,209.9241180419922,-165.31292724609375,-18.16714859008789,0.46624553203582764,0.135009765625,1.4002704620361328,-2.2408554553985596,1,Cable
-22343.0,25794.154296875,10000.0,86.06072998046875,100.06974029541016,-82.37956237792969,-13.316137313842773,0.6105384826660156,0.03533935546875,0.18216800689697266,0.4960666000843048,1,Cable
-22343.0,25794.154296875,10000.0,86.06072998046875,92.64958190917969,-86.99979400634766,-14.372041702270508,1.7074508666992188,0.01515960693359375,0.26794910430908203,0.5410882830619812,1,Cable
-22343.0,25794.154296875,10000.0,86.06072998046875,14.358430862426758,0.8864989280700684,-7.653897285461426,31.548004150390625,5.561759948730469,47.98020935058594,1.4989806413650513,3,Wind Turbine
-20838.685546875,-3995.847412109375,10000.0,-154.75538635253906,160.0380096435547,-78.66385650634766,-28.38675880432129,0.745574951171875,0.5890045166015625,1.1943283081054688,-1.0312753915786743,1,Cable
-20034.068359375,-26715.509765625,10000.0,-132.5414581298828,141.2374267578125,-122.16582489013672,41.50875473022461,4.2100067138671875,1.522064208984375,13.518119812011719,3.0995419025421143,0,Antenna
-20034.068359375,-26715.509765625,10000.0,-132.5414581298828,78.98367309570312,72.17036437988281,-13.164234161376953,4.89208984375,4.016136169433594,0.47185230255126953,3.026567220687866,1,Cable
-20034.068359375,-26715.509765625,10000.0,-132.5414581298828,86.01425170898438,73.25145721435547,-13.817638397216797,1.4155960083007812,2.5186691284179688,0.26880359649658203,1.0073645114898682,1,Cable
-20034.068359375,-26715.509765625,10000.0,-132.5414581298828,180.27029418945312,-1.2287750244140625,40.25754165649414,34.99458312988281,10.965316772460938,75.5735092163086,-2.428006172180176,3,Wind Turbine
-20034.068359375,-26715.509765625,10000.0,-132.5414581298828,157.2519073486328,-21.570655822753906,73.64656066894531,3.980438232421875,0.3098907470703125,2.2789993286132812,-2.2919416427612305,3,Wind Turbine
-19134.634765625,-20245.865234375,10000.0,21.7626953125,130.63873291015625,101.68443298339844,24.982128143310547,2.195545196533203,0.0476837158203125,0.07111930847167969,2.6315653324127197,1,Cable
-19134.634765625,-20245.865234375,10000.0,21.7626953125,92.98858642578125,-0.3346519470214844,6.242038726806641,17.463584899902344,11.214190483093262,76.9264144897461,0.1948176473379135,3,Wind Turbine
-19134.634765625,-20245.865234375,10000.0,21.7626953125,77.70941162109375,-10.482126235961914,36.118343353271484,6.3702392578125,0.3699607849121094,1.7914657592773438,0.38084983825683594,3,Wind Turbine
-19134.634765625,-20245.865234375,10000.0,21.7626953125,61.2023811340332,-17.144309997558594,29.891639709472656,13.770549774169922,0.33290863037109375,4.425973892211914,0.38665416836738586,3,Wind Turbine
-16179.17578125,-7924.77587890625,10000.0,-83.3761215209961,76.08245849609375,72.75672149658203,-29.70946502685547,11.381919860839844,4.010465621948242,1.5554752349853516,0.7558012008666992,1,Cable
-16179.17578125,-7924.77587890625,10000.0,-83.3761215209961,69.28621673583984,66.52610778808594,-30.526851654052734,9.901947021484375,4.006582736968994,0.4598865509033203,0.7367768883705139,1,Cable
-16179.17578125,-7924.77587890625,10000.0,-83.3761215209961,80.25916290283203,74.27936553955078,-29.183074951171875,3.22381591796875,1.0705375671386719,0.4709739685058594,-1.9029322862625122,1,Cable
-16179.17578125,-7924.77587890625,10000.0,-83.3761215209961,102.36649322509766,98.52061462402344,-23.833759307861328,2.841907501220703,4.4721832275390625,0.7895889282226562,-0.533918559551239,1,Cable
-16179.17578125,-7924.77587890625,10000.0,-83.3761215209961,88.02545928955078,85.41663360595703,-27.057470321655273,1.7151947021484375,1.322106957435608,0.2954559326171875,-2.3851964473724365,1,Cable
-16179.17578125,-7924.77587890625,10000.0,-83.3761215209961,96.23637390136719,93.79329681396484,-25.14249038696289,3.1746368408203125,0.05408430099487305,0.5721035003662109,0.724614143371582,1,Cable
-16179.17578125,-7924.77587890625,10000.0,-83.3761215209961,109.81462097167969,104.24440002441406,-22.012710571289062,2.1326141357421875,1.4537124633789062,0.4738445281982422,0.0581241175532341,1,Cable
-16179.17578125,-7924.77587890625,10000.0,-83.3761215209961,95.53978729248047,89.43055725097656,-25.7158145904541,1.924072265625,1.4243011474609375,0.33066558837890625,1.431383490562439,1,Cable
-16179.17578125,-7924.77587890625,10000.0,-83.3761215209961,123.61632537841797,117.03388977050781,-17.66448402404785,2.0782623291015625,0.06966638565063477,0.5352859497070312,-2.4262328147888184,1,Cable
-16179.17578125,-7924.77587890625,10000.0,-83.3761215209961,153.9408721923828,-135.71817016601562,25.798572540283203,2.2917850017547607,0.1324462890625,0.053279876708984375,-2.307049512863159,1,Cable
-16179.17578125,-7924.77587890625,10000.0,-83.3761215209961,85.84164428710938,80.63160705566406,-27.82323455810547,2.3027420043945312,1.3650360107421875,0.3903026580810547,0.15432395040988922,1,Cable
-16179.17578125,-7924.77587890625,10000.0,-83.3761215209961,93.57667541503906,-48.50483703613281,9.115041732788086,71.45625305175781,11.13983154296875,85.36231994628906,-1.5223388671875,3,Wind Turbine
-16179.17578125,-7924.77587890625,10000.0,-83.3761215209961,88.79060363769531,-34.55708312988281,10.168591499328613,12.852516174316406,0.38611602783203125,9.378120422363281,-1.4533330202102661,3,Wind Turbine
-15400.8330078125,-3385.025634765625,10000.0,-163.1187744140625,104.52101135253906,-101.18537902832031,-30.155990600585938,3.0431747436523438,2.3761749267578125,0.5620326995849609,1.145551085472107,1,Cable
-15400.8330078125,-3385.025634765625,10000.0,-163.1187744140625,75.17031860351562,-77.236328125,-31.782176971435547,6.714530944824219,0.10677623748779297,0.22839927673339844,-0.6554070115089417,1,Cable
-15400.8330078125,-3385.025634765625,10000.0,-163.1187744140625,85.01886749267578,-85.19161224365234,-31.360519409179688,2.018218994140625,0.7634544372558594,0.063751220703125,-1.2994433641433716,1,Cable
-15400.8330078125,-3385.025634765625,10000.0,-163.1187744140625,164.30747985839844,-148.79100036621094,-15.202357292175293,2.0674591064453125,1.3054962158203125,0.6432476043701172,0.02873607724905014,1,Cable
-15400.8330078125,-3385.025634765625,10000.0,-163.1187744140625,113.95598602294922,-110.16266632080078,-28.144161224365234,1.13079833984375,0.02552032470703125,0.14875411987304688,-0.6459313631057739,1,Cable
-15400.8330078125,-3385.025634765625,10000.0,-163.1187744140625,91.25907897949219,-90.32989501953125,-30.992984771728516,2.6082305908203125,1.3675508499145508,0.1556262969970703,-0.6656925678253174,1,Cable
-15400.8330078125,-3385.025634765625,10000.0,-163.1187744140625,117.26578521728516,-113.53170776367188,-27.361644744873047,2.2237091064453125,1.290207862854004,0.3898181915283203,2.452080726623535,1,Cable
-15400.8330078125,-3385.025634765625,10000.0,-163.1187744140625,107.77333068847656,-104.6253433227539,-29.408424377441406,0.9487457275390625,1.4079093933105469,0.11514472961425781,2.5141658782958984,1,Cable
-15400.8330078125,-3385.025634765625,10000.0,-163.1187744140625,183.64599609375,-153.54794311523438,-21.17500877380371,2.3085222244262695,0.896514892578125,3.2576522827148438,0.8102136254310608,1,Cable
-14640.109375,-24572.125,10000.0,61.247989654541016,218.6336669921875,-151.2183380126953,-19.093276977539062,5.4457573890686035,5.249359130859375,35.40950012207031,-2.1720833778381348,0,Antenna
-14640.109375,-24572.125,10000.0,61.247989654541016,85.79195404052734,-11.92544937133789,5.599618911743164,66.18656921386719,8.130691528320312,75.62490844726562,1.1597909927368164,3,Wind Turbine
-12472.8154296875,-38141.98828125,12627.365234375,-174.24234008789062,19.15362548828125,4.613160133361816,7.166227340698242,18.262300491333008,0.06241607666015625,1.7458744049072266,-0.7756682634353638,1,Cable
-12472.8154296875,-38141.98828125,12627.365234375,-174.24234008789062,22.32174301147461,-2.3205032348632812,9.631059646606445,6.739482879638672,0.058465003967285156,0.7046842575073242,2.3653788566589355,1,Cable
-12472.8154296875,-38141.98828125,12627.365234375,-174.24234008789062,29.350881576538086,-5.39510440826416,12.191030502319336,5.870922088623047,0.05485725402832031,0.6246747970581055,-0.7790120840072632,1,Cable
-12472.8154296875,-38141.98828125,12627.365234375,-174.24234008789062,24.68728256225586,-0.8197126388549805,11.505075454711914,0.6214408874511719,0.046375274658203125,0.0951700210571289,2.302461624145508,1,Cable
-12472.8154296875,-38141.98828125,12627.365234375,-174.24234008789062,56.15753936767578,-31.737857818603516,12.8374605178833,2.63580322265625,0.06320953369140625,0.3757896423339844,2.3508381843566895,1,Cable
-12472.8154296875,-38141.98828125,12627.365234375,-174.24234008789062,199.8870849609375,0.817535400390625,27.860431671142578,10.057220458984375,7.8570556640625,24.857017517089844,-1.1309539079666138,3,Wind Turbine
-12472.8154296875,-38141.98828125,12627.365234375,-174.24234008789062,198.84259033203125,-0.04490089416503906,-4.768589973449707,2.8892879486083984,1.141815185546875,17.436466217041016,1.6223574876785278,3,Wind Turbine
-12472.8154296875,-38141.98828125,12627.365234375,-174.24234008789062,199.09251403808594,-0.062483787536621094,10.630605697631836,2.7609643936157227,1.2015380859375,8.299182891845703,1.6446936130523682,3,Wind Turbine
-8788.623046875,38901.90625,10000.0,57.461082458496094,67.97189331054688,-0.8844375610351562,-10.208735466003418,9.231025695800781,5.5146942138671875,45.144752502441406,-2.366676092147827,0,Antenna
-8038.00732421875,-5472.568359375,10000.0,-175.66390991210938,87.90985107421875,80.0176010131836,-19.90416717529297,6.050750732421875,5.2416839599609375,42.876182556152344,-0.22819286584854126,0,Antenna
-8038.00732421875,-5472.568359375,10000.0,-175.66390991210938,93.98562622070312,-29.93277359008789,-31.65079116821289,1.6435546875,0.937347412109375,2.6692066192626953,-0.9092119336128235,1,Cable
-8038.00732421875,-5472.568359375,10000.0,-175.66390991210938,68.99092102050781,2.0832901000976562,-30.727859497070312,6.330402374267578,4.001338958740234,0.3108634948730469,2.27004075050354,1,Cable
-8038.00732421875,-5472.568359375,10000.0,-175.66390991210938,71.29789733886719,-14.760696411132812,-30.407215118408203,0.6095542907714844,0.38306427001953125,0.6614112854003906,2.149616241455078,1,Cable
-8038.00732421875,-5472.568359375,10000.0,-175.66390991210938,62.71138000488281,40.699310302734375,-28.80581283569336,0.9074621200561523,0.1875152587890625,0.7991733551025391,2.3096044063568115,1,Cable
-8038.00732421875,-5472.568359375,10000.0,-175.66390991210938,95.56828308105469,-27.628738403320312,-30.29543685913086,1.8624649047851562,0.4931602478027344,0.05823326110839844,3.0930349826812744,1,Cable
-8038.00732421875,-5472.568359375,10000.0,-175.66390991210938,83.64278411865234,-18.13571548461914,-29.60169792175293,1.4086532592773438,0.34316253662109375,0.5532112121582031,1.8884985446929932,1,Cable
-8038.00732421875,-5472.568359375,10000.0,-175.66390991210938,66.39529418945312,7.23492431640625,-30.981863021850586,1.6333541870117188,1.3003578186035156,0.07323837280273438,2.2681572437286377,1,Cable
-8038.00732421875,-5472.568359375,10000.0,-175.66390991210938,76.74203491210938,-7.986145973205566,-30.042804718017578,2.0396270751953125,1.551957130432129,0.10685348510742188,3.001703977584839,1,Cable
-8038.00732421875,-5472.568359375,10000.0,-175.66390991210938,78.81623840332031,-8.679200172424316,-29.8853702545166,1.924938678741455,2.0858154296875,0.032817840576171875,1.5264110565185547,1,Cable
-8038.00732421875,-5472.568359375,10000.0,-175.66390991210938,72.88638305664062,-4.582305908203125,-30.34709930419922,1.9689712524414062,1.3134307861328125,0.11553955078125,2.267009973526001,1,Cable
-5061.71240234375,20962.421875,10000.0,160.2761688232422,179.72207641601562,1.2072982788085938,28.942256927490234,10.049430847167969,9.241989135742188,20.65751075744629,1.0358455181121826,3,Wind Turbine
-5061.71240234375,20962.421875,10000.0,160.2761688232422,181.76405334472656,0.07794761657714844,10.491533279418945,2.6057910919189453,1.2072601318359375,13.708918571472168,1.4598808288574219,3,Wind Turbine
-5061.71240234375,20962.421875,10000.0,160.2761688232422,181.70335388183594,0.016479969024658203,-17.89333152770996,3.4828925132751465,1.714447021484375,40.78358840942383,1.529778242111206,3,Wind Turbine
-4024.562255859375,22445.3515625,10000.0,-13.033595085144043,229.92239379882812,180.2911376953125,12.25107479095459,5.617401123046875,5.6297149658203125,46.24259948730469,-0.09444674104452133,0,Antenna
-4024.562255859375,22445.3515625,10000.0,-13.033595085144043,60.32349395751953,54.026878356933594,-22.748260498046875,13.391691207885742,4.025062561035156,1.3062362670898438,1.9665606021881104,1,Cable
-4024.562255859375,22445.3515625,10000.0,-13.033595085144043,64.1398696899414,45.287776947021484,-21.823230743408203,4.680572509765625,2.793079376220703,0.33384132385253906,-2.462712287902832,1,Cable
-4024.562255859375,22445.3515625,10000.0,-13.033595085144043,86.10646057128906,-10.898832321166992,-28.55504035949707,3.2670440673828125,1.3048858642578125,0.3724174499511719,-1.1755311489105225,1,Cable
-4024.562255859375,22445.3515625,10000.0,-13.033595085144043,76.02703094482422,18.235389709472656,-24.45949935913086,2.940277099609375,1.5167198181152344,0.32988739013671875,0.5418449640274048,1,Cable
-4024.562255859375,22445.3515625,10000.0,-13.033595085144043,69.61531066894531,31.705474853515625,-22.158432006835938,4.2958526611328125,1.891998291015625,0.3355998992919922,0.6043965220451355,1,Cable
-4024.562255859375,22445.3515625,10000.0,-13.033595085144043,65.15642547607422,39.108970642089844,-21.156661987304688,1.8635435104370117,1.3282241821289062,0.18035125732421875,-1.1848883628845215,1,Cable
-4024.562255859375,22445.3515625,10000.0,-13.033595085144043,68.42100524902344,36.40702438354492,-21.329071044921875,2.8964080810546875,2.576632499694824,0.47145652770996094,0.31329798698425293,1,Cable
-4024.562255859375,22445.3515625,10000.0,-13.033595085144043,89.84132385253906,-12.935567855834961,-28.87531089782715,1.8336830139160156,1.3001022338867188,0.20534515380859375,-1.180799126625061,1,Cable
-4024.562255859375,22445.3515625,10000.0,-13.033595085144043,69.96968841552734,28.482337951660156,-22.668094635009766,1.49530029296875,1.5100593566894531,0.2933845520019531,-0.10602705925703049,1,Cable
-4024.562255859375,22445.3515625,10000.0,-13.033595085144043,218.4132080078125,-1.9872283935546875,42.06940460205078,11.465370178222656,7.5279541015625,17.629302978515625,2.0324034690856934,3,Wind Turbine
-4024.562255859375,22445.3515625,10000.0,-13.033595085144043,219.16244506835938,0.021627426147460938,-3.3561136722564697,3.0716772079467773,1.1176300048828125,9.702425003051758,1.5315965414047241,3,Wind Turbine
-40.66158676147461,34905.07421875,10000.0,-160.69601440429688,234.2471923828125,0.0016693472862243652,-24.870563507080078,3.198943614959717,1.461181640625,20.724388122558594,1.5685449838638306,3,Wind Turbine
-40.66158676147461,34905.07421875,10000.0,-160.69601440429688,235.09326171875,2.4766616821289062,18.174522399902344,4.86065673828125,5.5379638671875,16.7336483001709,-0.8579071760177612,3,Wind Turbine
-40.66158676147461,34905.07421875,10000.0,-160.69601440429688,234.619873046875,0.4933624267578125,31.498943328857422,8.453804016113281,3.9184112548828125,8.634613037109375,-1.1066192388534546,3,Wind Turbine
1154.2742919921875,1776.2598876953125,10000.0,43.9891471862793,225.79281616210938,1.4220428466796875,-19.74368667602539,5.691936492919922,2.47869873046875,15.793028831481934,1.406339168548584,3,Wind Turbine
1154.2742919921875,1776.2598876953125,10000.0,43.9891471862793,224.928466796875,-0.01007843017578125,40.56420135498047,10.443649291992188,5.198944091796875,14.87628173828125,-1.18274986743927,3,Wind Turbine
1206.830322265625,-664.0382690429688,10000.0,1.5416203737258911,130.8895721435547,-0.0077667236328125,13.654964447021484,5.867940902709961,5.747749328613281,47.45738220214844,1.705678939819336,0,Antenna
1206.830322265625,-664.0382690429688,10000.0,1.5416203737258911,89.57763671875,76.57408142089844,23.07787322998047,0.9254435896873474,0.03108978271484375,0.09188079833984375,-0.8677917122840881,1,Cable
1206.830322265625,-664.0382690429688,10000.0,1.5416203737258911,88.96688079833984,77.28300476074219,19.509294509887695,2.3450498580932617,0.05565643310546875,0.092071533203125,-0.8458878397941589,1,Cable
1206.830322265625,-664.0382690429688,10000.0,1.5416203737258911,97.84693145751953,67.16895294189453,19.138641357421875,3.8874731063842773,0.02005767822265625,0.1291522979736328,-0.8373197913169861,1,Cable
2461.68798828125,51252.21484375,10000.0,-139.05325317382812,100.99718475341797,0.8006439208984375,-11.39436149597168,9.288959503173828,4.962196350097656,46.123226165771484,-2.2202696800231934,0,Antenna
2461.68798828125,51252.21484375,10000.0,-139.05325317382812,107.85102081298828,1.7642402648925781,-24.556804656982422,2.0127334594726562,1.4608917236328125,8.143135070800781,2.379362106323242,0,Antenna
7699.3173828125,26609.63671875,10000.0,-43.1941032409668,232.72024536132812,150.40650939941406,15.771135330200195,6.537651062011719,5.577484130859375,49.8599967956543,-0.7423723340034485,0,Antenna
7699.3173828125,26609.63671875,10000.0,-43.1941032409668,127.74629211425781,5.2794647216796875,11.019037246704102,43.32627868652344,11.367073059082031,91.13058471679688,-0.8286073207855225,3,Wind Turbine
7699.3173828125,26609.63671875,10000.0,-43.1941032409668,141.55735778808594,-13.043601989746094,60.059391021728516,9.243270874023438,0.5298690795898438,6.8028564453125,-0.7381591796875,3,Wind Turbine
8457.76953125,8003.0634765625,10000.0,46.59192657470703,147.650634765625,-130.37814331054688,-29.22441864013672,2.815074920654297,0.8264923095703125,0.16887474060058594,1.0531361103057861,1,Cable
8457.76953125,8003.0634765625,10000.0,46.59192657470703,130.59530639648438,1.1368408203125,15.00882339477539,39.187049865722656,9.650543212890625,94.75566864013672,0.8456766605377197,3,Wind Turbine
8457.76953125,8003.0634765625,10000.0,46.59192657470703,120.54875183105469,-15.331012725830078,31.754409790039062,10.993148803710938,0.5846328735351562,11.311994552612305,-2.3181076049804688,3,Wind Turbine
9534.9052734375,4601.65673828125,10000.0,-45.761146545410156,68.83570861816406,-0.1719970703125,10.13180160522461,7.2915496826171875,6.52349853515625,43.66719055175781,-0.7701484560966492,0,Antenna
9534.9052734375,4601.65673828125,10000.0,-45.761146545410156,80.56864929199219,-70.46993255615234,13.616249084472656,2.4779624938964844,0.0599212646484375,0.43128204345703125,1.4663450717926025,1,Cable
9534.9052734375,4601.65673828125,10000.0,-45.761146545410156,80.60420227050781,-69.94459533691406,17.284374237060547,2.42718505859375,0.05156707763671875,0.42549896240234375,1.481130599975586,1,Cable
9534.9052734375,4601.65673828125,10000.0,-45.761146545410156,85.57511138916016,-22.868694305419922,22.887380599975586,1.7519655227661133,0.02030181884765625,0.08391571044921875,1.461763620376587,1,Cable
9534.9052734375,4601.65673828125,10000.0,-45.761146545410156,94.96891021728516,66.58489990234375,19.0266056060791,1.4647293090820312,0.0538330078125,0.06697463989257812,1.4334583282470703,1,Cable
9534.9052734375,4601.65673828125,10000.0,-45.761146545410156,96.76851654052734,83.75318145751953,19.503829956054688,1.4858856201171875,0.03122711181640625,0.0985565185546875,1.4361157417297363,1,Cable
10517.3916015625,-8042.65771484375,10000.0,63.81712341308594,85.904052734375,0.138580322265625,14.307758331298828,6.495849609375,6.079780578613281,51.33539581298828,1.1711877584457397,0,Antenna
10517.3916015625,-8042.65771484375,10000.0,63.81712341308594,57.72526168823242,13.004255294799805,22.454133987426758,2.0342369079589844,0.013543784618377686,0.051364898681640625,0.23045475780963898,1,Cable
10517.3916015625,-8042.65771484375,10000.0,63.81712341308594,42.922523498535156,12.238014221191406,20.61478042602539,2.1597023010253906,0.023085355758666992,0.0267181396484375,0.24864785373210907,1,Cable
10517.3916015625,-8042.65771484375,10000.0,63.81712341308594,45.498191833496094,10.038844108581543,18.814682006835938,1.8266868591308594,0.03828287124633789,0.030981063842773438,-2.9113757610321045,1,Cable
10517.3916015625,-8042.65771484375,10000.0,63.81712341308594,65.68909454345703,14.940272331237793,22.491466522216797,2.2307205200195312,0.06682148575782776,0.030244827270507812,0.2178690880537033,1,Cable
10517.3916015625,-8042.65771484375,10000.0,63.81712341308594,51.55288314819336,11.50767707824707,18.82647705078125,2.0828781127929688,0.024196326732635498,0.019594192504882812,0.2282402515411377,1,Cable
10517.3916015625,-8042.65771484375,10000.0,63.81712341308594,259.67779541015625,-56.92631912231445,36.13375473022461,11.082340240478516,3.636383056640625,11.325872421264648,-1.6978161334991455,3,Wind Turbine
10880.734375,19357.376953125,10000.0,-16.00714111328125,226.00442504882812,-168.76551818847656,-8.344613075256348,4.609869956970215,3.330291748046875,25.267152786254883,0.8852595090866089,0,Antenna
10880.734375,19357.376953125,10000.0,-16.00714111328125,56.47971725463867,-4.323817253112793,-0.35538387298583984,36.679466247558594,18.35198974609375,64.1441421508789,-3.129199743270874,3,Wind Turbine
10880.734375,19357.376953125,10000.0,-16.00714111328125,85.34435272216797,-8.75313663482666,34.85664749145508,18.41754913330078,1.2017860412597656,9.4136962890625,-0.26704397797584534,3,Wind Turbine
10880.734375,19357.376953125,10000.0,-16.00714111328125,33.2292594909668,6.084111213684082,13.896881103515625,4.449586868286133,0.16356658935546875,5.488072395324707,-0.29191020131111145,3,Wind Turbine
10880.734375,19357.376953125,10000.0,-16.00714111328125,225.21385192871094,-168.55902099609375,-28.226688385009766,4.830595016479492,3.74774169921875,9.449020385742188,-2.1394200325012207,3,Wind Turbine
11800.9794921875,-11501.15234375,11223.0380859375,-166.7003173828125,226.46365356445312,0.12134933471679688,-7.156634330749512,2.7668399810791016,1.0394287109375,20.081174850463867,1.4599668979644775,3,Wind Turbine
11800.9794921875,-11501.15234375,11223.0380859375,-166.7003173828125,225.75877380371094,-0.6499290466308594,29.16411590576172,12.469650268554688,9.245925903320312,14.456222534179688,-2.9149842262268066,3,Wind Turbine
11800.9794921875,-11501.15234375,11223.0380859375,-166.7003173828125,70.24614715576172,-11.915361404418945,9.828805923461914,3.8751296997070312,1.3363456726074219,9.906793594360352,-1.0741297006607056,3,Wind Turbine
13212.4658203125,22306.658203125,10000.0,-48.89828872680664,62.19859313964844,-0.2705860137939453,0.7659482955932617,4.311267852783203,4.949119567871094,23.999027252197266,-0.8539654612541199,0,Antenna
13212.4658203125,22306.658203125,10000.0,-48.89828872680664,177.4396514892578,139.88258361816406,13.615878105163574,6.233127593994141,5.388214111328125,43.413719177246094,-0.7511978149414062,0,Antenna
13212.4658203125,22306.658203125,10000.0,-48.89828872680664,165.31036376953125,-88.27281188964844,-9.21949577331543,2.375661849975586,0.6522064208984375,1.840561866760254,-1.9228651523590088,1,Cable
13212.4658203125,22306.658203125,10000.0,-48.89828872680664,160.72940063476562,-94.44661712646484,-5.533303260803223,0.13720321655273438,0.034027099609375,1.4968156814575195,0.7798439264297485,1,Cable
13212.4658203125,22306.658203125,10000.0,-48.89828872680664,154.96121215820312,-140.01454162597656,-10.946404457092285,1.552764892578125,0.049713134765625,0.11948776245117188,1.4425092935562134,1,Cable
13212.4658203125,22306.658203125,10000.0,-48.89828872680664,70.17142486572266,-11.568050384521484,-31.626070022583008,5.220745086669922,3.376049041748047,0.4825248718261719,-2.918565273284912,3,Wind Turbine
13212.4658203125,22306.658203125,10000.0,-48.89828872680664,67.05680847167969,-9.389169692993164,19.490524291992188,22.126344680786133,4.996814727783203,27.04082489013672,2.082462787628174,3,Wind Turbine
13212.4658203125,22306.658203125,10000.0,-48.89828872680664,64.45094299316406,-1.0710563659667969,-18.31048011779785,5.745639801025391,2.754619598388672,21.718637466430664,2.2849507331848145,3,Wind Turbine
13212.4658203125,22306.658203125,10000.0,-48.89828872680664,34.172088623046875,28.505212783813477,22.813230514526367,1.6559040546417236,0.14990234375,1.4319305419921875,-0.8643287420272827,3,Wind Turbine
13212.4658203125,22306.658203125,10000.0,-48.89828872680664,76.87120819091797,-20.58171272277832,23.22011375427246,5.175872802734375,0.46099090576171875,11.22586441040039,-0.8273702263832092,3,Wind Turbine
15733.5498046875,22065.486328125,10000.0,-69.7746810913086,46.86767578125,-1.6993217468261719,-12.952388763427734,7.395227432250977,2.762847900390625,19.58633041381836,-2.299952507019043,0,Antenna
15733.5498046875,22065.486328125,10000.0,-69.7746810913086,205.12643432617188,90.55415344238281,11.478515625,6.147475242614746,6.1990203857421875,44.79478454589844,-1.1523391008377075,0,Antenna
15733.5498046875,22065.486328125,10000.0,-69.7746810913086,37.8897819519043,18.5013427734375,11.840850830078125,23.94365692138672,0.4371795654296875,25.812850952148438,1.921966552734375,3,Wind Turbine
15733.5498046875,22065.486328125,10000.0,-69.7746810913086,48.054649353027344,0.019710540771484375,8.919718742370605,3.0830092430114746,1.5402374267578125,27.575281143188477,1.5207321643829346,3,Wind Turbine
15733.5498046875,22065.486328125,10000.0,-69.7746810913086,55.090057373046875,-28.150510787963867,21.12730598449707,31.064998626708984,0.6373214721679688,28.95090103149414,1.9218319654464722,3,Wind Turbine
17442.41015625,-398.6395263671875,12150.6171875,178.39566040039062,30.646121978759766,0.6404943466186523,-0.4311399459838867,5.442438125610352,4.847391605377197,29.722536087036133,-0.08265679329633713,0,Antenna
17442.41015625,-398.6395263671875,12150.6171875,178.39566040039062,6.999825954437256,-4.843340873718262,-0.5247566103935242,15.617667198181152,0.033086538314819336,0.2186514139175415,-0.9046297669410706,1,Cable
17442.41015625,-398.6395263671875,12150.6171875,178.39566040039062,21.756837844848633,-19.207908630371094,-2.5207390785217285,4.091089248657227,0.012133121490478516,0.07248520851135254,-0.9068570137023926,1,Cable
17442.41015625,-398.6395263671875,12150.6171875,178.39566040039062,10.026981353759766,-4.260047912597656,1.2529265880584717,19.18297576904297,0.057865142822265625,0.23903226852416992,2.236699342727661,1,Cable
17442.41015625,-398.6395263671875,12150.6171875,178.39566040039062,12.191777229309082,-7.035711765289307,-2.371605396270752,23.734636306762695,0.041051387786865234,0.29428648948669434,-0.9043395519256592,1,Cable
17442.41015625,-398.6395263671875,12150.6171875,178.39566040039062,172.14181518554688,161.50469970703125,-43.860984802246094,1.3789291381835938,0.0554962158203125,0.062267303466796875,-0.9860101342201233,1,Cable
17442.41015625,-398.6395263671875,12150.6171875,178.39566040039062,166.84925842285156,162.3312225341797,-43.494102478027344,1.6805915832519531,0.08734130859375,0.16820907592773438,-0.9332132339477539,1,Cable
17442.41015625,-398.6395263671875,12150.6171875,178.39566040039062,239.2753143310547,169.3104248046875,-55.56201934814453,1.1451034545898438,0.7530517578125,1.7659416198730469,2.0079283714294434,1,Cable
17442.41015625,-398.6395263671875,12150.6171875,178.39566040039062,169.56190490722656,164.63641357421875,-43.47161102294922,2.334686279296875,0.748291015625,0.2811698913574219,-0.39267656207084656,1,Cable
17442.41015625,-398.6395263671875,12150.6171875,178.39566040039062,245.06558227539062,163.4275360107422,-55.4561767578125,1.374786376953125,0.125091552734375,1.742340087890625,2.3666024208068848,1,Cable
17442.41015625,-398.6395263671875,12150.6171875,178.39566040039062,173.1114044189453,154.98733520507812,-44.46268081665039,1.88287353515625,1.423675537109375,0.19281768798828125,-1.7358944416046143,1,Cable
17595.59375,37434.96484375,10000.0,-90.49625396728516,49.5545768737793,48.566368103027344,-20.293500900268555,10.018875122070312,3.607847213745117,1.8983497619628906,-2.3418898582458496,1,Cable
17595.59375,37434.96484375,10000.0,-90.49625396728516,53.736534118652344,51.04010009765625,-21.295772552490234,1.524923324584961,2.4513092041015625,0.5474224090576172,2.6605734825134277,1,Cable
17595.59375,37434.96484375,10000.0,-90.49625396728516,77.13603973388672,62.56510925292969,-29.099225997924805,0.749053955078125,0.11585235595703125,0.5724143981933594,-1.60615873336792,1,Cable
17595.59375,37434.96484375,10000.0,-90.49625396728516,74.08477020263672,64.59220886230469,-25.61761474609375,1.6140899658203125,0.25958251953125,0.12516212463378906,1.5248363018035889,1,Cable
17595.59375,37434.96484375,10000.0,-90.49625396728516,196.50445556640625,1.8106498718261719,23.257816314697266,32.83827209472656,6.5673980712890625,96.01758575439453,-1.4510959386825562,3,Wind Turbine
18046.1875,15458.048828125,10000.0,107.13131713867188,20.271100997924805,0.015300005674362183,0.05660200119018555,3.21067214012146,1.4614486694335938,19.437477111816406,1.5551129579544067,0,Antenna
18046.1875,15458.048828125,10000.0,107.13131713867188,19.903961181640625,16.064834594726562,11.01258659362793,2.313688278198242,0.39368629455566406,4.674498558044434,1.8373548984527588,0,Antenna
18046.1875,15458.048828125,10000.0,107.13131713867188,103.76309204101562,-99.38259887695312,-29.568737030029297,7.082756042480469,3.6810989379882812,0.5062503814697266,1.4081183671951294,1,Cable
18046.1875,15458.048828125,10000.0,107.13131713867188,109.06063842773438,-94.01152801513672,-29.97796630859375,3.533477783203125,1.6153717041015625,0.2264232635498047,-1.5931299924850464,1,Cable
18046.1875,15458.048828125,10000.0,107.13131713867188,31.06417465209961,-20.261722564697266,13.274124145507812,20.62775230407715,0.4067249298095703,22.711936950683594,1.870895504951477,3,Wind Turbine
25673.216796875,678.4796752929688,15427.7822265625,-175.0187225341797,113.27218627929688,0.4460468292236328,-40.032081604003906,6.312347412109375,5.138912200927734,47.94850158691406,0.19731862843036652,0,Antenna
25673.216796875,678.4796752929688,15427.7822265625,-175.0187225341797,71.17562103271484,15.700826644897461,-32.44572448730469,2.5844802856445312,0.01949310302734375,0.4092063903808594,2.345428466796875,1,Cable
25673.216796875,678.4796752929688,15427.7822265625,-175.0187225341797,91.19361877441406,-8.36593246459961,-33.319984436035156,1.5235366821289062,0.020565032958984375,0.08423233032226562,-0.7846238017082214,1,Cable
26165.21484375,42309.7421875,10000.0,-49.491554260253906,171.73361206054688,-2.368377685546875,-13.938486099243164,11.166542053222656,5.083221435546875,42.617549896240234,2.290257453918457,0,Antenna
30565.259765625,13138.8974609375,10857.9775390625,67.65458679199219,175.17874145507812,-0.6143569946289062,-20.81167221069336,6.29742431640625,4.608358383178711,39.41619873046875,-3.023228168487549,0,Antenna
30565.259765625,13138.8974609375,10857.9775390625,67.65458679199219,41.78432083129883,-7.337133407592773,-17.762285232543945,1.4257469177246094,0.01183319091796875,0.1415252685546875,0.3204127252101898,1,Cable
30565.259765625,13138.8974609375,10857.9775390625,67.65458679199219,29.688833236694336,-11.095891952514648,-12.83868408203125,5.487916946411133,0.12554550170898438,0.6463603973388672,0.30630409717559814,1,Cable
30587.763671875,62575.28515625,10000.0,-74.4589614868164,127.64347076416016,4.284931182861328,12.128570556640625,43.570533752441406,10.176849365234375,98.25028991699219,-1.1770535707473755,3,Wind Turbine
34890.09765625,23650.16796875,10000.0,-160.54647827148438,51.806148529052734,-47.65681457519531,-5.752978324890137,5.0040740966796875,0.04746818542480469,0.5261378288269043,2.607065200805664,1,Cable
34890.09765625,23650.16796875,10000.0,-160.54647827148438,58.574134826660156,-54.8787727355957,-6.56680965423584,2.7942276000976562,0.048877716064453125,0.3120865821838379,-0.5461498498916626,1,Cable
34890.09765625,23650.16796875,10000.0,-160.54647827148438,63.17498779296875,-57.6108512878418,-6.020798206329346,2.3526840209960938,0.03149223327636719,0.2575864791870117,2.5992488861083984,1,Cable
34890.09765625,23650.16796875,10000.0,-160.54647827148438,183.15650939941406,1.214986801147461,-12.728609085083008,8.699134826660156,4.0380706787109375,35.470664978027344,-1.3862836360931396,3,Wind Turbine
34890.09765625,23650.16796875,10000.0,-160.54647827148438,184.5336151123047,2.2587203979492188,26.631149291992188,11.721145629882812,11.924705505371094,40.81187438964844,-0.6223884224891663,3,Wind Turbine
39273.4375,59509.12109375,10028.0478515625,-118.55057525634766,103.99275207519531,-6.738819122314453,6.996196746826172,68.11914825439453,11.002471923828125,90.34730529785156,-2.062864303588867,3,Wind Turbine
